# CSI data — grid [3,3] at (81cm, 66cm)
# Cell: 27cm wide × 22cm deep
# Target RF variance: 0.420
# Packets: 200  Subcarriers: 64
CSI_DATA,23800095365,-61,64,0,0,-15,-17,24,-7,16,-14,-12,21,-8,-13,-18,-18,23,-2,-4,23,15,-20,-9,9,-21,-10,-11,15,17,-4,-8,19,-13,-15,20,2,-17,-12,17,8,-22,0,-22,-8,19,3,-12,-21,10,13,14,12,-17,-10,14,-5,23,-17,28,-2,0,22,22,-6,-1,26,28,-10,12,15,7,-17,-22,4,-12,20,-14,6,3,-20,9,-20,9,15,-17,18,-18,11,11,22,-7,22,14,27,-10,-17,9,-16,18,-18,-18,15,12,12,22,-9,15,9,-8,-29,-15,6,-4,20,29,-10,14,-12,-3,21,-10,29,0,-27,5,21,-4,-21,-1,-25,20,-1
CSI_DATA,23800191509,-59,64,0,0,15,3,-14,21,4,18,21,-12,18,-4,-13,-29,-4,-22,-4,14,23,6,-5,27,4,-21,-8,-15,-26,-2,10,-11,-18,-2,-2,20,-12,-24,22,13,2,21,14,-7,-4,26,7,14,-14,25,-23,-9,-9,23,5,-19,-16,-12,20,-5,-17,-16,-22,-6,-4,-22,7,11,26,-15,22,-3,-14,21,22,22,15,-25,15,-18,0,-17,-19,-3,-24,16,13,8,-5,15,18,3,-19,11,-18,9,21,0,5,-6,-14,9,-6,22,-30,10,-17,-1,-2,-25,23,8,-7,18,-13,11,-17,4,18,-22,-14,20,-4,-15,2,-24,10,-18,9,-25,-30,9
CSI_DATA,23800288489,-62,64,0,0,-10,10,15,11,-12,-12,2,29,4,18,8,24,-21,-1,-20,14,-27,-5,-19,22,-18,14,0,25,-19,13,1,-24,10,-24,13,-18,10,17,-20,1,15,16,8,-19,-3,23,-23,-5,11,23,-16,11,-17,17,-6,27,28,-21,-26,2,2,20,-23,20,-25,14,-11,13,5,13,6,-28,-23,6,-20,9,-17,-20,-10,18,-6,23,3,23,10,26,-14,5,0,-22,24,11,-11,-14,-8,18,18,-14,-8,25,10,19,2,-24,-22,3,-13,-18,8,-19,1,15,10,-10,-12,19,-28,0,24,-18,10,10,2,-17,21,-8,19,17,-13,6,-10,17
CSI_DATA,23800388644,-60,64,0,0,-3,15,13,5,9,-12,7,21,-11,-26,-3,-24,-11,-25,-6,-12,-21,0,4,-22,-19,10,12,15,2,18,-22,1,5,-20,-3,-23,16,17,1,22,-13,-7,2,-23,-3,-10,3,-17,-12,-20,-20,-20,2,-30,-18,2,17,-6,-26,1,-10,-1,29,-2,-7,-22,8,-20,10,18,6,-23,5,-29,5,-20,-11,8,-10,-9,-17,17,8,-18,-23,-4,1,18,-24,-16,11,-17,-21,-21,-19,-9,-5,17,12,15,23,6,15,16,20,2,-5,-22,22,4,-16,-21,19,-5,-9,-26,-12,10,-3,-8,-3,-22,-6,17,4,18,12,11,25,-1,-4,28
CSI_DATA,23800484516,-63,64,0,0,-24,-8,19,-16,22,0,14,16,31,-8,25,-16,-20,13,-6,10,21,-19,9,9,-17,-16,-21,23,-19,20,2,23,-6,-23,11,24,8,-17,11,21,18,10,-15,-7,-18,6,7,-16,32,-1,-25,1,25,-18,7,-13,4,-23,-18,11,20,-7,-24,-5,-16,16,11,-15,5,-15,-4,-25,-6,-28,7,24,-4,16,-23,-7,8,-17,-21,9,-14,1,30,3,11,23,-16,6,-4,-10,11,9,18,-2,-13,10,-12,1,18,14,-18,-12,23,12,16,-11,-1,-21,8,17,-26,19,7,-23,-20,-4,11,17,24,-12,11,5,16,-7,-4,19,-17,3
CSI_DATA,23800583590,-64,64,0,0,-3,26,-18,-10,7,14,5,-22,12,12,-8,0,20,-4,20,0,13,18,-17,-11,-2,-13,19,-1,18,6,19,-10,-8,-18,22,13,21,13,-24,-14,25,25,-9,-27,21,-8,-23,-13,-19,-10,16,10,13,13,-14,19,22,6,-4,14,-21,14,-5,19,6,14,-14,-17,-13,-19,-2,13,15,-17,-19,-7,-1,-21,28,7,-28,-7,-2,-17,-7,-32,3,-24,-12,12,21,2,-10,-12,-2,-14,25,-20,-8,17,9,-12,8,17,-20,-7,-27,-14,22,10,-25,-1,10,25,22,16,21,-25,1,-22,-15,-17,-16,-19,20,-7,23,-3,12,-18,13,25
CSI_DATA,23800684551,-61,64,0,0,26,-12,5,-19,-26,-11,-9,-12,-28,3,-3,-30,12,-21,-26,-26,29,0,13,19,25,4,-12,11,-16,5,13,-26,-23,-17,-8,-15,10,12,25,-7,-17,-9,13,-24,26,-3,18,-6,3,22,16,-20,7,-17,12,15,17,1,15,-13,-8,-17,-16,-7,-7,-23,19,10,14,-17,-18,-4,23,0,-14,25,0,-22,2,-25,16,-17,11,22,8,-18,-2,-12,3,26,1,-20,-11,2,15,-4,-26,2,-10,14,22,0,-21,13,-19,-20,14,-20,16,7,-21,1,11,-27,-3,17,19,-13,-5,-23,-26,-9,7,20,-22,2,-15,10,-9,23,-18,0
CSI_DATA,23800787611,-60,64,0,0,-28,-3,-18,-6,20,7,-15,20,21,-15,-6,20,-3,20,11,-1,-12,11,21,18,-1,-16,-4,-26,-25,8,4,-24,-21,12,12,6,14,-18,16,-11,-13,19,1,-24,-4,14,2,16,-14,22,4,-16,15,21,-5,-21,7,22,25,2,5,-28,16,-10,-23,-5,-17,12,10,-19,1,-23,10,-17,30,-2,-8,20,-24,-10,-20,9,20,2,6,17,3,14,23,14,-19,1,26,-21,19,15,15,18,5,-21,2,23,13,10,-5,27,-20,-10,19,13,0,-27,13,-12,-9,-22,16,-10,-11,6,29,3,-24,-2,18,2,-18,-9,11,15,29,-1
CSI_DATA,23800885773,-59,64,0,0,11,20,-8,15,11,5,4,-22,-15,25,13,-14,17,-6,-23,3,12,19,-14,-12,-4,23,-16,-3,6,13,3,-16,22,9,-23,5,-19,-12,26,7,-1,21,-14,9,4,-18,19,-24,-17,-16,-18,20,-7,22,-14,-3,-7,-25,16,-18,16,26,16,9,30,0,21,-12,10,-18,-16,17,21,9,-20,-13,12,15,18,17,12,-11,1,22,-5,23,-26,-10,-21,7,-17,7,-1,9,23,-13,-18,4,-7,13,17,3,19,2,-11,-16,15,10,-3,-18,-10,24,-18,-5,18,-5,-24,-8,10,26,-21,-7,-12,29,-3,-26,-15,-13,-22,-7,-22,-2
CSI_DATA,23800990026,-65,64,0,0,-3,27,-16,13,13,-20,7,-28,3,-25,14,3,-21,-3,29,-10,-21,-8,-13,-20,-3,22,16,10,-24,8,-27,0,-10,-22,-14,-11,8,-11,-27,3,-17,-17,13,-4,-13,4,-12,25,7,-22,19,16,13,24,22,-5,-10,-17,12,-5,4,20,-20,21,-3,25,-2,17,-16,-18,9,9,-1,25,23,-1,15,-20,-27,-1,-18,30,0,24,12,16,1,14,-16,8,-5,-16,-11,23,-18,-1,-20,12,-16,-13,29,2,14,-19,25,2,-2,-26,26,-3,-5,-20,-18,9,20,10,-5,20,8,-24,16,0,-1,19,17,-8,-9,-11,3,12,15,2
CSI_DATA,23801090575,-63,64,0,0,-4,26,-11,10,23,-10,6,15,-18,-2,-22,-11,22,19,-27,-3,-15,4,-15,-3,5,27,27,7,15,-1,-15,-1,8,19,-16,13,24,-13,-19,11,17,-12,-16,23,21,3,-14,-29,15,9,8,12,0,-16,-17,-24,-14,18,25,9,35,-5,-19,2,-13,20,-3,18,-12,-22,-11,-21,4,20,-7,-12,-9,21,-23,19,-14,-10,31,7,11,15,20,-13,19,-11,-19,-20,24,17,-12,4,-7,20,-9,14,9,-15,1,-18,-8,-16,21,-20,-27,8,-27,15,-17,-11,-4,-22,-22,0,20,2,25,-9,-15,21,-15,6,-13,22,9,-22,0,13
CSI_DATA,23801193896,-63,64,0,0,22,14,10,-13,-17,18,11,-6,9,14,-4,14,-9,22,-9,-21,-12,-11,13,-18,3,-28,12,4,21,-18,8,13,-18,5,-17,-12,15,-24,-17,16,-17,-3,-25,-18,6,19,-18,-18,-17,-20,5,-24,20,-11,-8,18,-25,-18,-5,25,-23,-14,-9,-21,-18,-1,-18,22,12,-25,-23,-10,-19,0,-19,-2,-8,16,-12,25,12,14,23,11,-19,-6,11,11,12,-12,8,-6,-5,-13,-30,-2,-10,12,26,7,14,15,20,-13,-10,28,-8,21,12,7,13,-11,-20,-13,-1,15,-29,-1,8,-9,24,6,-6,15,13,13,-16,20,10,7,-7,20
CSI_DATA,23801292509,-60,64,0,0,-19,19,-1,-15,-8,-15,6,-14,2,-27,-22,4,2,-11,8,22,-21,-19,-9,21,20,9,5,-22,20,-4,-13,-11,-6,27,-27,8,-18,12,22,-7,-20,9,-1,19,-2,-19,-15,-15,14,-4,-24,13,-30,-16,-11,20,-18,11,-9,19,0,-24,-16,13,15,22,13,-2,10,16,-16,-9,-4,-16,-4,-22,-12,18,-6,-16,-12,-23,18,-12,3,-13,-14,13,-15,-7,-23,17,8,-22,-12,-11,-13,-19,-5,-21,28,7,3,-18,-7,-18,14,-17,24,2,-19,0,28,-5,-14,-12,-4,13,-9,24,-19,8,12,19,22,8,-14,-7,3,-32,-8,17
CSI_DATA,23801394974,-60,64,0,0,0,7,-13,21,-2,23,19,-10,-6,-14,-5,-30,14,5,2,-20,-19,-5,16,-20,-16,0,17,-22,16,21,-2,-13,-23,11,-12,-10,-5,-19,-10,-13,7,13,-2,15,-8,12,13,-17,-25,-17,-17,-14,24,-12,20,15,-13,8,22,12,7,-28,-23,-4,23,-11,-2,-13,26,-4,18,16,20,-17,-16,31,-9,14,-22,2,14,-14,5,-21,14,-10,9,-19,-12,7,-4,13,-7,4,-16,-10,13,-16,17,-12,16,25,-6,19,-22,-11,-17,-18,17,20,-8,-24,-9,10,17,17,-4,-16,-3,-18,11,-19,16,9,-4,-30,20,10,14,-19,-25,-11
CSI_DATA,23801497143,-59,64,0,0,-20,-7,8,-16,-7,25,12,-11,-13,19,18,7,19,12,13,-9,-1,-24,6,-20,-21,-12,19,-3,-14,25,-19,-5,-20,11,20,3,-10,-14,26,-8,6,25,-17,-19,-20,-17,-12,-6,-19,-2,7,27,-23,17,-28,-9,-17,6,-20,8,1,-16,11,17,13,16,25,-6,8,32,-24,17,-16,-19,-9,-13,-15,17,-16,-10,27,1,-23,17,-10,-16,-22,-1,-12,20,-12,19,-3,28,20,5,-23,18,-28,7,-20,4,-7,-14,-13,-23,-5,24,-12,-1,-22,3,-17,-10,-8,12,10,10,2,-19,-12,15,16,12,25,-7,12,-28,2,-21,25,7
CSI_DATA,23801593880,-62,64,0,0,27,-9,13,-12,21,15,-31,2,-17,4,-20,-18,28,2,-18,-26,1,-8,-12,7,24,22,-18,-8,-27,-8,23,-13,-5,-24,25,8,-18,19,-15,-9,-13,-25,-25,14,-17,-14,-12,-21,-15,-22,22,-8,3,-18,-10,-14,-26,-16,9,-17,16,16,8,8,-10,24,15,-13,17,6,-13,18,-15,14,9,-15,-14,21,15,-11,19,-5,7,9,-25,23,-22,-1,15,-11,-13,-10,5,-12,-17,-8,8,-2,24,-4,-2,20,2,19,26,0,18,-8,1,-20,-13,11,2,24,-21,-6,-24,-7,-20,-16,20,6,1,24,-27,10,2,20,20,14,-22,16
CSI_DATA,23801693004,-59,64,0,0,20,-23,19,9,-1,-16,7,30,-12,-1,5,12,-13,8,0,16,7,-29,7,-27,14,-7,-22,-16,15,-3,14,-12,-18,17,-3,-20,8,32,-18,14,-1,-24,-5,27,16,11,-33,4,-32,-7,-17,-8,23,12,23,7,13,-24,13,7,29,-4,-20,-10,-9,12,10,-16,21,8,-13,18,-14,19,5,-23,1,-28,25,3,-15,8,-11,16,5,-18,-7,16,12,-9,-13,12,16,24,-13,-15,-21,-14,-1,17,21,3,-1,13,24,-2,-22,8,13,-25,-13,-15,13,-19,2,20,15,26,-24,-8,21,1,-10,11,1,-22,11,23,8,19,15,21
CSI_DATA,23801792777,-65,64,0,0,-5,-20,-12,16,-22,17,13,-14,17,-17,16,15,-14,18,23,-12,3,22,-13,12,22,12,15,-12,24,-13,-20,5,-24,7,10,-28,-19,-12,-5,-21,-5,-17,-5,18,12,17,16,-20,18,9,12,24,2,-11,-1,29,18,-14,20,-12,-16,21,14,-27,-9,-19,-17,4,-7,22,21,-3,20,-12,11,-18,-1,-19,16,-3,-2,-32,-21,-15,2,16,-9,14,16,-10,5,-15,7,-12,11,-11,10,10,5,-23,-11,9,2,-20,19,1,-15,-15,18,15,-23,5,13,21,30,-6,22,-5,17,-23,10,22,15,-22,-2,-17,1,-19,15,-12,21,-1
CSI_DATA,23801897499,-60,64,0,0,-16,26,4,20,21,6,17,12,-16,24,-9,14,11,-7,-18,5,-8,22,-7,20,-19,-18,16,4,0,-17,-13,-25,10,-5,1,7,-24,-4,12,20,-23,7,19,-6,-17,3,0,-26,18,9,0,9,27,-8,19,-3,-19,6,-26,18,22,7,17,-16,-23,-3,13,-19,21,1,2,-21,-23,-24,-16,-11,12,2,3,21,16,-14,-11,16,-18,-14,5,-17,-16,-12,34,-9,12,22,-22,2,-14,16,27,9,-23,-9,-7,17,-8,22,13,-22,-17,-13,-25,-18,20,-11,-25,-6,18,-10,-15,-21,24,-9,15,-1,23,15,-15,-13,-24,11,14,5
CSI_DATA,23801995232,-61,64,0,0,8,-22,6,22,-17,-9,18,-24,-10,11,-18,-12,2,-15,-14,-10,-13,-5,-16,1,-15,21,25,4,-18,-18,15,-17,17,18,-9,-6,-19,23,17,16,-23,18,20,-16,12,17,17,-12,5,-20,11,12,-12,24,19,14,17,3,3,15,-9,-19,21,8,-19,6,-5,-23,-20,-2,-27,-9,14,-18,-24,6,14,-6,-16,-20,-9,15,18,12,12,-21,-16,12,-3,32,15,1,25,-7,13,10,25,-5,9,-14,20,18,1,28,-30,6,11,24,9,16,-18,5,25,10,17,3,3,22,-21,-4,9,-26,-16,-32,-12,-4,-25,-12,-7,-16,31,-19
CSI_DATA,23802092455,-59,64,0,0,-12,-13,-19,15,-21,4,-20,-4,7,23,-2,18,10,19,-8,16,17,-12,-21,-9,0,20,-19,-20,19,17,15,13,15,-16,20,0,5,-28,-4,-20,-19,4,-13,2,-5,25,-17,-7,14,-5,12,22,-12,-27,2,20,-8,25,18,14,-16,-5,12,-4,3,23,21,-18,-13,-4,-16,26,22,8,-3,-30,-16,-8,16,12,-21,-12,14,-17,4,18,0,20,5,24,16,8,-21,-12,-13,23,-1,21,-12,-21,-15,8,-20,-10,-11,18,-11,21,14,-4,9,25,13,-13,19,-5,-22,12,5,21,9,21,20,-2,-15,30,-19,4,16,-10,-22,-9
CSI_DATA,23802192245,-61,64,0,0,1,-15,-8,17,-23,6,-19,-9,-7,27,-5,-20,32,6,18,-7,0,22,22,15,-30,8,14,9,21,-6,18,-3,-13,14,26,-8,-30,1,11,-17,-15,-14,4,-15,11,-17,24,1,14,-9,-2,15,19,-5,18,10,-6,-20,-17,18,18,3,-21,-1,-5,16,-21,8,-31,7,-19,-18,-20,-8,12,16,-15,6,3,-22,13,-13,24,3,-7,24,-26,-3,31,0,5,20,-22,-2,-3,13,14,-16,25,11,17,-4,21,4,10,-14,15,-17,-9,13,-18,23,-16,3,-26,-6,-8,19,-31,-13,-7,-17,31,-6,7,17,20,7,11,5,16,-7
CSI_DATA,23802292009,-60,64,0,0,15,-23,18,-5,0,18,-22,-1,-18,-15,-11,-19,27,5,23,8,15,14,-8,-14,18,11,-20,-14,28,-2,-6,20,23,-14,21,0,-1,27,11,15,13,-14,-3,-24,5,-24,25,-13,18,2,25,-23,13,-14,5,-24,-7,-9,26,1,7,-23,-29,4,-10,-14,-3,-26,-25,-16,-15,14,-2,13,-20,6,21,10,-9,-23,-3,-25,14,11,15,-5,-3,16,-12,17,29,13,5,20,16,-15,-26,4,-12,-22,-1,20,-26,19,-12,-5,-23,-6,-12,31,-20,12,-8,-21,-3,20,-27,-5,16,-2,17,-3,-20,-5,13,9,-16,20,21,6,0,21
CSI_DATA,23802389611,-64,64,0,0,-16,-20,21,2,-17,26,11,-10,11,21,3,10,20,0,6,18,-5,-21,-27,2,-19,-6,-11,18,14,-1,-6,-24,0,25,-13,18,-6,-17,21,14,-7,-13,-5,-9,-19,0,4,-10,21,-6,30,-1,-18,-12,-21,9,12,11,21,4,-19,-5,4,14,19,11,0,-12,-20,-24,-13,-13,-18,6,-2,-14,11,-13,-7,-17,11,-21,-16,-12,-23,-21,9,35,17,26,-8,13,-26,2,2,-22,15,21,-13,12,8,-21,12,20,-22,-8,4,-15,22,-17,11,-22,-16,-1,22,-16,13,-16,-2,-15,11,5,6,21,20,-13,22,-5,-16,-6,14,11
CSI_DATA,23802491005,-63,64,0,0,-8,-25,-6,5,13,-5,2,-19,11,23,17,-10,-19,-18,-5,16,-4,23,17,19,0,30,13,18,26,7,-7,-13,-12,-21,16,7,-8,-22,-2,-11,8,-24,-9,-16,-3,30,-21,13,-8,21,13,26,25,2,6,-15,-8,21,12,-9,6,20,-21,7,7,28,-8,-29,16,-19,25,11,-9,-20,-4,19,-25,23,14,22,-22,15,16,14,19,-6,-5,19,16,-3,-17,-9,-26,4,-21,5,-15,-18,-14,-8,12,-17,7,20,25,-7,-1,17,17,-7,13,17,9,-23,-9,-21,17,6,-1,-22,2,-23,-24,7,20,7,-18,-9,6,13,16,2
CSI_DATA,23802586627,-61,64,0,0,-20,-10,19,-2,20,0,-7,-17,-8,-4,-5,23,25,16,-12,11,7,-12,-13,16,-20,6,12,11,-19,8,-14,-3,20,10,-16,15,3,-23,-8,-18,-19,24,-15,-19,20,-16,-13,20,1,29,20,-16,-12,1,-8,-22,-17,-1,1,-28,-12,19,29,-10,29,9,-17,-14,6,-26,-10,18,10,14,-5,-20,-10,-11,-27,0,-6,-11,20,7,19,5,-29,6,15,-28,6,14,21,-9,19,0,-6,-12,-23,4,-13,-6,30,5,4,-15,6,14,-7,18,32,12,-22,15,14,-8,26,-9,20,13,-3,25,7,-19,32,10,9,-21,-12,-20,9,-24
CSI_DATA,23802684750,-63,64,0,0,20,-25,-23,-2,16,15,-17,-9,3,-22,-18,14,-18,-5,27,-1,-5,-13,6,-18,-8,22,-16,-11,28,-3,-11,23,-6,17,-13,-14,3,-21,3,-28,-5,-18,6,26,-19,2,21,-1,12,-14,17,-3,9,20,-14,-3,-20,-3,-7,-24,21,-25,-26,10,4,-16,-6,15,2,23,-12,-28,-3,-24,18,-8,16,-5,-12,-19,28,-3,-26,-3,2,-22,10,17,-12,-8,23,-20,0,18,23,7,10,-8,18,-16,1,-20,-23,-11,2,-20,0,-21,16,-23,-19,14,9,-27,-12,-20,2,21,19,3,13,-23,3,-23,-22,-6,26,-2,13,4,-3,19
CSI_DATA,23802782748,-63,64,0,0,18,22,28,7,20,-4,-9,-19,-13,-11,-25,-5,-11,19,0,-18,5,-17,-11,17,12,8,-19,6,22,-3,-4,-24,4,-15,-15,13,31,-9,-5,18,-10,22,20,-4,16,-6,-22,-13,2,-18,-11,22,-20,-6,-21,4,-19,-9,1,-18,1,19,13,9,-20,-10,11,-16,-24,-17,1,-18,14,-9,-8,-16,-15,-4,-12,-16,-8,-24,8,31,-2,-22,23,-3,-18,24,21,-5,29,1,-11,-28,12,-23,-20,-3,-19,-6,21,16,-11,-16,-10,11,-11,16,7,27,-19,9,12,-18,0,-21,-20,-13,-5,23,3,-19,0,-13,12,13,-12,21,9,-18
CSI_DATA,23802886161,-62,64,0,0,4,19,-11,-23,-18,10,12,21,-15,19,2,-19,-22,10,-26,-4,-4,22,-13,10,11,13,19,29,-18,10,-10,-25,12,-3,20,-11,12,-31,0,-19,21,-6,-6,7,2,-24,24,-18,-21,4,-3,19,7,-19,21,1,-20,-7,-13,30,-14,10,-27,6,-13,11,12,15,12,19,26,10,-5,-17,9,11,-4,-25,15,11,-18,-10,16,-6,21,10,15,-13,7,16,8,29,18,12,-8,-17,0,24,7,-13,-15,-10,15,11,24,-17,25,-9,-14,24,-5,-17,-25,-4,17,11,24,-1,17,-16,-7,-25,-14,-13,9,18,-19,9,14,10,8,26
CSI_DATA,23802982756,-61,64,0,0,4,-10,-6,30,19,11,14,15,10,-21,-18,13,-10,21,-14,18,17,-1,20,15,13,-10,-14,-20,-23,7,17,16,-33,5,-6,8,26,9,-11,-20,0,-32,-7,-25,-1,22,11,23,-17,4,-9,10,-7,-17,25,8,6,-25,-8,-16,-21,-12,30,-2,0,-17,4,-28,-10,13,14,12,-8,11,22,-7,11,20,9,13,-24,-18,-9,-30,-31,10,-11,-8,-24,-14,-4,-14,-10,25,18,-24,3,11,-16,3,2,-20,22,4,-16,24,8,24,-13,3,7,11,-11,12,-18,-5,-23,15,8,-12,13,-9,-11,-18,-1,23,-4,-14,19,-25,16,-6
CSI_DATA,23803077895,-62,64,0,0,13,16,-7,-23,29,-10,11,-18,12,25,21,-8,29,4,8,-16,-18,-3,-12,-25,6,16,-14,-2,-29,10,-6,14,0,22,5,-20,-16,-5,-5,27,-10,6,9,12,-2,-15,15,13,3,4,17,-23,9,-21,-15,-19,3,18,20,1,4,-21,-10,-8,23,-15,13,9,-13,20,-18,7,16,2,-12,-16,3,-25,4,23,6,-14,-12,4,-4,-13,21,-4,-17,-24,25,-7,-26,-3,-12,21,8,-7,-9,31,0,-24,17,-1,11,17,8,-23,-2,-24,-14,-23,-15,-8,-16,-10,20,15,-5,-23,-17,-15,-21,1,17,-6,-18,21,22,-4,-5,15
CSI_DATA,23803179110,-64,64,0,0,-3,-30,22,-11,0,19,29,-1,0,12,-13,-1,17,9,-23,1,-24,6,-10,-8,9,27,-13,16,-10,-11,13,-20,8,12,-6,-23,-7,-20,-8,-27,8,-12,-14,6,-2,19,11,20,-14,-12,23,-6,-6,-20,-2,-24,-9,19,1,28,18,23,-21,3,-7,25,-25,4,-8,-21,30,0,-22,9,21,5,-8,-22,24,7,-28,-3,25,5,-19,10,-8,-21,2,-24,-5,-24,16,4,-5,-20,-34,3,-12,-25,5,25,6,14,16,-10,-16,13,-18,3,6,-19,14,-9,5,-26,-30,-2,-15,17,17,3,-18,8,16,1,23,-6,-19,0,9,0
CSI_DATA,23803278996,-61,64,0,0,4,-11,21,-3,-1,25,14,-21,-27,18,-3,29,16,6,2,-26,-26,-9,27,1,26,-6,-14,-6,-14,11,-18,-6,-24,14,11,-11,20,0,29,-5,-8,-8,15,26,27,-12,19,4,-4,-27,19,16,-18,9,-26,-5,-8,27,1,19,16,10,18,20,17,-2,-26,4,7,-19,21,-21,23,-21,5,11,17,21,11,-15,-21,14,5,-17,28,2,17,2,-1,32,25,4,-15,17,29,-5,-8,20,24,-26,-17,11,-10,-8,-6,9,-2,18,-25,10,-16,-2,15,19,-17,4,-16,10,25,-16,-17,10,-17,16,19,-18,15,8,-9,25,-6,15
CSI_DATA,23803382281,-59,64,0,0,-28,3,-11,-7,28,0,-25,11,-15,4,-7,27,-23,4,-18,-2,-10,18,-19,-14,-12,15,-12,-16,13,-16,-19,5,12,-5,-8,25,15,13,-10,4,-2,21,-18,17,5,-20,-6,16,-19,-1,-6,15,24,-12,-8,13,-26,11,-21,15,-13,29,-24,9,-23,6,15,8,27,2,-4,-26,3,-20,5,-23,-8,-24,5,-17,13,-16,4,16,-4,29,-20,19,0,-12,20,12,14,-13,16,-1,-15,4,-19,-6,-7,-25,-9,6,20,12,-10,0,-14,-9,-14,7,9,-25,-7,-16,16,-1,8,20,8,-19,-21,-5,3,-15,-2,-30,-15,21,13,-12
CSI_DATA,23803477556,-59,64,0,0,-24,22,-21,-23,-1,28,-17,6,15,10,-29,-12,11,13,-19,6,-14,28,-4,19,-7,-22,-23,2,12,-23,-22,-6,24,-4,15,6,-21,19,-15,12,12,-19,-17,-9,22,-6,5,20,20,-1,-16,-9,21,14,26,-8,15,-6,11,20,-10,-27,5,-20,24,10,-18,9,5,-24,24,20,-8,10,17,24,20,-17,0,-23,18,3,12,24,-21,13,-19,15,5,-24,11,9,14,1,-24,0,-12,24,15,13,12,-14,-25,3,-2,22,-21,11,-22,-8,-24,-3,-13,10,-16,-23,12,-11,17,-12,17,-19,-4,-29,-31,-1,-11,15,-11,9,-23,-12
CSI_DATA,23803580944,-64,64,0,0,-22,-17,-20,10,-19,-9,9,19,14,-13,30,8,20,14,-8,-17,-15,16,7,17,11,-22,7,-35,15,7,18,1,-1,-14,18,14,30,-2,-16,9,15,11,19,-1,-24,9,16,2,8,25,-28,-9,0,19,20,-14,11,-17,12,14,29,17,20,10,-3,11,-16,-15,11,-22,18,-14,-8,-25,-28,3,-3,-14,16,2,-21,14,16,-22,11,-21,-6,-12,-25,-4,-18,0,-16,-20,30,5,18,-4,-1,-20,12,-26,13,17,-3,-34,-8,14,25,11,10,23,-14,-24,4,23,12,17,-32,13,10,-12,-11,-17,17,-8,28,1,-12,9,14,16
CSI_DATA,23803682111,-63,64,0,0,-20,20,19,12,-32,3,11,14,12,-13,12,14,-8,-23,23,-15,-6,-16,-13,-4,-15,-18,2,29,16,29,0,-20,-11,25,9,21,19,23,10,21,-22,-6,-11,15,18,-23,-16,7,-11,15,-6,15,-15,6,23,4,15,18,14,-21,-18,19,-14,-4,8,17,23,19,-6,32,-18,15,4,-27,13,0,16,-6,-5,-20,28,18,-23,1,-18,12,-7,-18,-14,-9,19,-3,-12,7,30,5,17,14,19,-2,-13,-17,-7,19,22,-11,-14,-15,-5,-11,-5,-23,-18,19,16,-8,-15,21,-19,-17,-13,3,-1,-20,-25,0,11,27,-9,18,17,11
CSI_DATA,23803785766,-63,64,0,0,27,4,-14,-5,-16,3,14,14,-21,-7,5,-21,-27,-11,-9,30,-12,-17,18,-15,-28,11,-10,-12,-6,-22,-21,-5,16,-13,-9,14,-11,18,18,14,11,21,3,-15,6,-21,-20,9,-21,-1,25,9,1,-24,-22,7,14,26,8,-22,-11,-23,11,21,-9,-20,20,8,-8,-8,-8,-25,9,3,-22,-6,13,14,-14,12,21,24,-21,-15,-21,-19,12,-27,-10,-25,-12,-18,26,-3,-22,7,-14,-19,-11,31,-2,22,16,3,-17,-12,13,16,-14,-21,20,-9,8,21,-29,-2,18,0,5,-31,-10,-22,21,-4,-18,11,-3,-20,12,10,-11,30
CSI_DATA,23803882202,-60,64,0,0,-17,9,-21,14,5,11,4,-30,-22,1,21,-3,-19,-12,-19,4,-5,25,12,16,8,25,-23,-7,-12,24,-8,-17,4,21,-8,30,10,26,-7,-19,-10,0,-1,22,-11,14,18,-9,-17,-11,-15,10,28,-2,17,17,-5,21,29,9,-17,-6,-11,18,11,14,12,-19,-17,22,0,11,12,16,4,23,3,-24,19,15,-12,-15,-17,15,-1,18,-25,-2,-15,-8,-8,28,-20,-15,4,-21,5,-17,21,-4,29,9,16,1,-23,7,-18,22,8,26,-9,9,19,6,16,10,-15,30,9,-7,15,-11,-10,11,28,10,3,17,-3,-22,20,0
CSI_DATA,23803979261,-59,64,0,0,20,-14,16,10,-13,-18,-15,12,18,17,-7,2,-7,-21,-13,-31,-6,-26,-6,5,-8,19,-24,-8,18,-5,-16,-3,-16,-25,-6,-27,0,-27,20,-20,8,15,24,4,7,7,0,19,15,-17,-12,-23,19,-15,-2,-16,0,26,19,7,8,-4,10,26,-11,-28,21,13,25,-4,-6,-12,6,-18,-25,12,-9,-19,12,15,15,-2,-27,2,-12,-24,-16,-17,-15,-13,10,10,4,20,2,-19,-5,17,-22,-1,-16,2,-18,-6,19,3,14,24,8,15,1,21,-5,25,18,-18,11,-14,-26,15,22,-4,25,-20,-13,-16,11,-15,-16,1,4,-19
CSI_DATA,23804081069,-63,64,0,0,15,5,-24,2,-14,-11,-8,-20,-14,-15,19,-5,-23,3,6,-24,-18,17,-10,-23,10,-25,-16,5,16,3,-12,-21,26,-5,-4,-23,-11,9,3,24,-24,12,-20,-2,-19,-17,2,-23,-22,-14,-13,21,-8,26,-22,-5,4,-6,-18,-3,-4,22,-24,-13,-27,-1,20,5,22,15,3,-16,-16,-9,-14,20,22,6,-22,9,15,-28,-15,2,12,18,3,19,-4,15,2,23,18,28,9,18,-17,2,10,-21,-10,-22,8,-23,24,8,8,22,-11,-14,20,0,17,19,19,12,-1,20,-17,-6,-13,-7,-6,-16,-12,-17,-8,-30,14,-14,-8,20
CSI_DATA,23804182588,-61,64,0,0,6,28,-32,4,-16,11,-18,8,22,16,16,20,-17,-5,25,3,-15,22,7,-23,13,-18,-2,-20,-26,-2,-20,1,0,-21,19,-25,8,-13,26,6,-19,11,-29,-5,-22,14,-21,-9,-23,-3,17,-8,-21,-1,-6,-21,-7,-29,7,-23,18,-16,-7,-11,-13,-17,2,-27,-23,-3,-22,-14,4,-14,-17,-20,-18,3,22,1,-3,-18,-13,7,19,-16,-18,11,8,-14,-29,-5,-17,3,-3,24,-16,-16,-14,-32,-14,17,11,13,-28,14,-23,8,3,20,0,12,-17,-10,-17,8,-2,-19,-3,-22,11,14,9,18,-27,4,-34,-10,-20,-12,4,15
CSI_DATA,23804283227,-61,64,0,0,-11,7,17,15,3,23,7,-9,-14,3,-24,10,-9,-20,24,9,1,21,-19,19,-7,32,6,15,14,-32,14,13,26,-15,8,-22,3,19,-13,-2,8,-23,-6,19,-18,-6,4,-19,-18,13,-16,23,-12,29,24,-2,12,27,2,30,-9,-22,-11,-7,1,12,-16,-30,-23,-6,-20,-11,3,29,25,6,-9,19,-15,2,23,-3,2,8,-3,26,-4,-10,20,9,-20,-6,-16,6,25,-13,22,12,-2,-17,-25,-10,-18,19,-21,-6,22,10,30,-18,16,11,-9,8,-14,12,-20,0,-12,17,27,-3,-21,-1,-7,-14,12,-22,-18,-16,15,22
CSI_DATA,23804386353,-63,64,0,0,13,-8,-25,5,-5,32,11,-10,-7,17,23,-5,24,-14,18,-6,-20,-24,28,-14,26,20,4,-22,19,11,0,19,25,-15,13,-10,16,21,0,20,3,-20,11,-14,-19,1,1,26,19,6,3,23,11,-26,21,-15,10,-32,6,23,-15,15,-1,19,4,26,-3,33,-17,14,14,5,-7,19,16,11,-11,-27,-16,10,-14,22,-5,-20,24,-18,-10,23,-17,4,23,24,-6,-16,-18,-1,-27,0,9,-15,-14,-25,16,18,-18,-5,1,-19,-28,8,-13,-18,22,-5,-12,14,-22,-4,-23,-12,2,20,-15,6,15,15,-21,-13,-14,4,-16,12
CSI_DATA,23804487764,-63,64,0,0,17,-10,-1,16,-18,3,-1,-17,5,20,5,-23,-20,-6,-20,13,16,25,12,22,-19,11,22,1,1,30,23,-14,12,-18,-20,17,1,-12,-18,18,13,8,24,6,11,-20,9,19,-22,9,2,23,26,6,-18,11,15,-17,16,-15,-21,-11,20,-3,-29,-2,18,1,12,-17,5,21,-30,14,-9,16,25,-6,13,-2,26,-8,12,10,15,-17,13,7,-23,-12,-15,21,-8,8,-9,-15,-14,25,-9,18,18,4,16,16,-14,-28,-9,-16,-6,27,-10,-21,8,-19,22,7,-8,-16,2,-28,16,-11,-5,28,4,18,-17,7,-22,-21,21,-5
CSI_DATA,23804588188,-62,64,0,0,2,13,-7,19,4,-18,-26,6,10,-16,9,-3,21,3,-15,11,-21,-8,-19,-2,24,2,-17,-6,24,-1,-7,-10,-2,-20,-16,22,21,6,-20,22,27,10,-2,-29,-21,14,-17,9,30,-3,-14,23,20,1,3,-28,29,4,17,-3,1,-16,-20,-11,1,-25,7,-19,-19,-15,25,4,4,-16,15,24,-15,-11,9,-24,-1,-24,-7,-25,-17,5,10,-17,26,16,19,18,21,2,16,0,16,-19,17,-8,20,-6,-22,6,-7,27,15,-17,21,-9,26,-19,2,-20,-5,19,-21,-4,23,11,24,-17,-22,4,-11,-23,9,-3,-3,-21,-24,4
CSI_DATA,23804683887,-65,64,0,0,-8,23,0,14,22,0,-25,2,-12,13,-7,-14,-2,21,-10,21,-4,14,4,27,29,11,32,9,6,8,-14,-5,-16,-15,-30,6,-8,26,-1,13,-16,7,-1,17,15,-22,-1,14,-8,-24,-20,17,4,20,14,13,-7,-23,28,-2,-3,20,13,23,8,17,19,-10,-6,14,4,21,-23,8,3,14,-20,17,7,22,17,2,1,-27,11,2,-8,17,21,-7,19,-4,5,-18,-14,7,20,5,7,14,3,26,12,-8,-17,-9,-6,-22,-17,5,-18,0,18,-3,18,-13,-2,11,25,-18,9,17,2,-19,1,20,26,-6,-28,-10,1,-28
CSI_DATA,23804779241,-64,64,0,0,-14,21,-21,-3,-17,1,-20,1,11,-32,12,20,23,-13,13,-15,-7,18,25,6,-19,24,28,-7,4,26,-21,0,-11,25,-11,26,4,18,15,-19,0,19,0,-14,-19,1,10,-22,-11,18,14,-12,-5,24,-12,-20,23,10,-16,-13,-14,10,-12,-11,-7,-30,-7,-15,2,28,-13,-25,-21,5,13,6,-17,1,-15,14,-19,7,16,18,5,-20,-11,-18,7,-22,-26,-4,20,-17,-13,18,19,-16,17,2,-1,-30,1,-14,-30,-8,-24,0,-23,-7,14,17,-22,1,-21,-17,20,-12,2,-25,7,-5,-13,-11,13,-21,-12,-16,-17,11,-23,8
CSI_DATA,23804880658,-64,64,0,0,19,21,8,23,16,-13,2,21,-5,27,-11,19,-12,-30,-1,32,16,-27,-18,27,17,-15,23,2,-6,-21,11,31,-23,9,-12,13,26,-18,16,7,-3,-21,18,10,23,8,20,-7,16,8,-21,16,24,-11,10,-8,-7,9,17,2,8,-25,20,-6,-19,-18,6,-11,6,21,13,6,1,26,4,-23,17,-15,14,15,-25,3,6,-21,9,-26,-4,-22,22,4,4,-30,-13,1,-3,-17,26,11,-18,12,-11,-21,18,-5,14,6,17,7,-4,19,-7,23,-11,-23,-14,-12,11,-20,5,-20,-4,-25,-24,18,3,16,18,16,15,19,-6,23
CSI_DATA,23804982339,-61,64,0,0,-7,-19,-4,25,13,21,-14,0,11,13,-9,17,3,30,9,-28,17,-2,-3,-16,-1,-25,31,1,13,21,1,-20,19,-6,-9,23,-16,-6,23,10,-10,20,0,-22,20,12,9,-11,12,-20,17,-16,25,0,-12,-17,18,-9,1,-8,-23,-8,-1,-36,-12,-20,-19,2,-17,-12,-4,26,-8,25,19,-6,-15,-26,11,-18,-19,11,-3,13,1,-15,-21,21,-6,21,-9,19,-5,26,14,-6,-11,14,-5,26,-29,1,-19,-15,23,0,-11,-8,25,9,0,18,-17,9,-17,19,-13,-15,-3,18,25,-16,5,14,-28,-12,11,-26,19,-13,18,17
CSI_DATA,23805081893,-59,64,0,0,6,21,3,-10,-8,24,11,-24,-11,3,18,-6,13,-20,7,16,-16,20,-2,-26,-13,24,-6,-14,-13,-17,-22,2,14,-14,-19,-10,-9,-13,23,-5,-9,18,21,-3,15,15,17,-8,-22,6,-4,13,-22,1,11,-4,9,-18,-15,4,-14,12,0,-18,27,-7,7,20,22,-8,2,-17,25,5,-15,23,-21,-20,-5,-10,23,5,11,23,-3,21,-17,20,16,-13,-11,7,-8,-27,-19,-7,4,-20,1,-21,21,9,7,-15,16,0,14,-30,-21,1,11,-19,14,3,-6,13,6,8,8,12,18,-14,-6,30,-6,23,-5,-24,-14,-16,-26,7
CSI_DATA,23805183321,-61,64,0,0,-23,16,29,4,-29,9,-8,-11,-14,-4,16,-2,-17,16,12,-8,-33,1,-21,-10,21,0,6,21,-6,18,18,-19,25,10,25,-9,-16,-22,-15,25,-17,-13,-15,18,3,-13,-2,5,6,16,-16,-17,-22,-20,-18,-14,-9,3,18,12,3,15,26,-11,-26,7,20,-2,-15,-25,-19,18,21,-13,-9,23,-2,20,13,-16,-4,21,12,-10,0,18,5,27,-8,-14,-4,-17,25,-11,17,4,20,13,25,27,19,-11,-8,-17,17,17,2,-16,0,-27,15,4,-19,-20,-8,21,1,15,21,-9,21,-10,22,19,-8,29,-14,-24,13,9,15,-23
CSI_DATA,23805282666,-59,64,0,0,-2,21,-26,-16,-28,2,17,12,-5,17,24,3,-5,-20,-17,5,-14,-15,-15,-2,-27,-3,-27,-21,21,2,-7,20,13,-22,-16,19,12,23,-9,17,22,-6,6,21,-18,-16,24,0,12,15,30,12,14,-19,-19,5,-13,-15,7,10,17,9,3,19,-15,8,3,-22,-7,5,23,-1,24,2,21,-3,17,-8,-27,0,-7,-13,-9,23,16,-5,-13,12,21,-5,22,5,17,3,-23,-3,28,-3,15,24,19,6,-2,-17,-20,15,9,13,19,-5,-13,24,-1,-13,25,7,19,-4,-16,-16,9,-10,-19,-8,-5,-32,-4,-16,3,-16,-11,19
CSI_DATA,23805381522,-60,64,0,0,-29,8,17,-13,9,-19,4,19,0,21,-26,5,10,24,17,-5,7,18,6,17,-16,-11,-20,-10,17,-2,-19,10,-23,-8,13,-18,-18,-19,-11,-18,17,26,-9,21,2,25,-6,17,-17,-15,-1,24,2,9,-28,-6,-17,22,16,19,-2,15,-22,1,10,2,15,14,-22,11,17,-30,17,18,-12,13,17,-9,18,-12,-24,-1,-13,-4,21,8,21,-20,20,6,0,-12,-3,-17,-2,27,26,11,15,-16,-6,-18,-18,2,15,5,30,-3,-10,-14,13,-22,13,2,9,22,10,-18,14,-16,19,12,22,7,-18,4,-9,-10,3,28,22,1
CSI_DATA,23805480899,-62,64,0,0,-5,-17,10,23,24,-14,18,-3,27,-5,17,-13,-20,13,22,1,4,10,6,14,11,-15,-25,11,9,-10,15,-16,16,22,23,-17,6,-29,8,20,2,27,-31,-5,25,1,18,-13,22,-3,4,-32,-23,-3,15,21,-9,22,17,-9,6,-16,-4,5,-5,16,-8,16,15,1,-23,-18,27,11,13,-18,-15,17,1,-19,-10,1,5,-17,8,22,-11,-18,-30,9,27,3,9,13,13,-13,11,19,1,-15,-17,0,10,22,12,14,13,-6,-6,18,-3,22,-8,14,2,-16,11,8,14,5,-27,-20,13,20,-15,6,25,12,-5,-31,-14,7
CSI_DATA,23805578438,-62,64,0,0,-22,-9,19,6,-19,-6,-16,-23,-13,5,31,-3,7,5,16,7,26,15,7,17,22,10,-4,-25,14,-12,-4,-15,19,-9,-14,29,-20,-17,6,-20,-14,18,13,-16,12,-15,-18,-15,13,23,2,22,11,7,-13,22,-17,-9,14,-4,-20,-7,23,-20,6,-9,30,-4,-12,12,10,-23,-4,23,-8,13,10,-5,-8,27,-21,9,10,9,1,18,-3,-16,23,11,-18,-17,-24,-6,17,-23,-4,24,21,-17,-18,-20,17,-17,15,-24,-9,-28,28,-11,-4,-16,0,25,-10,-18,8,17,-16,2,-16,2,-4,20,-16,-15,-1,14,-20,-15,-12,-23
CSI_DATA,23805683321,-59,64,0,0,3,-25,28,2,21,13,18,-8,2,28,-20,8,-5,-26,12,15,15,8,-16,13,-7,-23,27,11,-5,12,-9,-16,-1,26,23,-25,23,-11,-16,-4,16,17,-3,-26,21,12,-12,18,20,-24,-13,-19,7,-14,12,-18,20,15,7,22,18,4,8,22,14,20,-3,-23,-13,-6,20,-20,12,17,-21,20,3,-24,3,-14,8,16,16,3,17,12,-12,-18,-11,-11,0,25,26,-7,-14,12,28,-16,10,24,-8,10,-7,22,9,22,22,17,4,22,-4,11,-16,13,-23,-2,-2,20,-14,-25,-21,1,-2,24,-14,-5,-2,-28,-2,23,-16,-17
CSI_DATA,23805785199,-64,64,0,0,-6,27,25,-10,-5,9,-20,-6,-14,-22,-17,18,22,-3,17,-2,10,-14,-5,19,-16,-29,-22,12,-9,-1,26,14,28,13,-22,-8,-5,-27,-3,16,2,13,-11,-15,-16,27,-14,23,-4,15,-20,-10,-6,18,-9,-25,-11,21,-20,-10,-19,3,7,23,-11,10,0,-19,6,-18,4,-18,26,-7,-19,11,12,25,14,29,8,3,-22,-4,9,17,9,24,-18,10,-4,16,19,-6,6,-28,11,-6,-6,27,28,11,-28,-9,-8,-27,-4,-23,17,2,1,26,11,-20,19,2,10,-20,-18,-1,-9,-12,23,3,25,5,0,-29,17,-11,-21,8
CSI_DATA,23805884647,-59,64,0,0,1,21,20,-28,-22,-7,-17,7,-20,-9,19,-15,21,-7,-19,21,3,29,13,-8,17,-11,-10,13,-6,-17,-29,-8,19,8,2,-22,16,-10,10,9,-18,-9,-25,-2,-25,-5,-21,8,24,-10,3,14,24,-4,18,-4,-19,-7,3,11,-8,21,31,4,7,-25,19,19,-25,-9,-18,-20,-15,5,-8,-26,6,-30,-15,-7,-16,11,-15,-5,17,-3,-4,-16,4,26,-1,32,-13,-20,1,-25,28,3,6,-13,4,-16,-15,8,20,-22,-4,-30,9,12,14,19,-8,-15,-21,-12,12,19,13,4,9,-13,-2,22,-28,-10,15,14,-13,-1,15,26
CSI_DATA,23805987588,-59,64,0,0,16,-6,-19,10,-21,-9,20,-19,-2,-30,14,20,26,-6,-23,16,-5,-16,2,18,19,-22,-6,14,6,20,22,8,-14,-11,3,12,10,-18,-1,-26,17,-14,10,-16,9,22,-21,-3,-10,-12,16,12,-8,18,-16,16,-14,-13,22,5,27,19,16,-22,-21,-8,28,14,13,-7,-4,14,-15,-14,-13,-11,22,-15,33,-4,14,8,-19,1,0,27,-1,-21,2,-17,-18,-2,5,-20,-2,18,10,18,11,21,26,-14,-10,-12,15,9,-18,17,5,18,26,-5,12,-20,-18,16,22,10,-22,11,16,21,30,-11,6,30,-14,-4,5,30,-22,3
CSI_DATA,23806084726,-63,64,0,0,6,11,25,-7,33,9,-11,26,-15,-23,1,18,8,-14,-24,-11,21,-3,5,12,23,7,6,23,11,7,-6,24,27,10,21,-8,11,10,-17,-8,-8,13,0,-17,-25,16,-10,-4,-17,3,25,-22,8,24,-13,-14,14,7,-18,-7,-22,15,8,-20,-5,-12,3,28,6,24,7,-24,8,-31,-4,-18,35,11,-30,12,-29,-6,16,17,10,17,5,-24,-14,14,17,-23,-18,1,23,4,-21,4,13,-18,3,19,-12,-21,-9,14,25,-4,19,-8,5,14,-24,-12,10,13,4,14,3,25,-22,18,9,20,10,16,-5,-16,-20,-4,-14,-14
CSI_DATA,23806186708,-62,64,0,0,-30,0,7,-16,13,-15,28,-10,17,8,8,-13,-23,1,15,-5,9,-15,33,-8,15,-11,-25,-3,-12,-17,-23,11,-11,5,-19,16,8,32,-3,27,21,8,18,16,-24,1,8,18,-7,14,-1,-30,25,13,2,-18,-6,8,-5,15,1,-25,-22,-8,13,18,-4,18,-13,12,2,15,2,24,-1,18,21,-6,-20,19,21,-3,1,-17,-21,-11,-6,14,-30,1,-18,11,-18,-5,-1,21,23,13,23,2,16,22,-18,2,11,-7,-18,19,6,-28,17,-11,14,-16,-7,-19,-8,20,-12,8,-18,28,8,-14,-22,9,-20,-21,-9,-24,-14,-8
CSI_DATA,23806282085,-62,64,0,0,18,5,23,3,10,16,14,-15,-17,8,-23,6,-1,31,20,8,-20,8,23,-3,11,-22,-15,-6,20,0,-15,17,4,-13,-5,-13,-16,8,6,27,-25,-4,2,-12,-11,7,6,-11,8,-18,0,-25,-21,4,4,-16,17,-16,-15,9,-20,0,15,-9,-5,19,17,4,27,4,-10,8,-14,12,13,20,15,2,-2,22,-28,1,1,24,-20,-1,-19,13,17,-13,3,-25,10,-16,23,-16,-13,10,5,19,-6,-14,-19,-4,-16,6,12,-12,19,12,24,17,24,12,3,14,13,14,-15,9,-14,-7,-26,0,-18,13,-22,8,19,6,-19,5
CSI_DATA,23806383538,-62,64,0,0,28,-11,3,27,19,3,23,-3,12,-15,-6,22,19,30,-19,-22,14,-19,21,21,25,-18,29,-12,-12,-22,-14,-6,-10,9,20,0,-22,10,-20,-21,24,-11,-17,-3,-25,-19,-7,24,25,6,2,-20,-13,-18,9,21,-16,15,9,-5,17,-19,-2,-23,-8,-24,-12,-14,-17,0,18,7,1,20,14,16,1,-24,21,3,-24,9,-12,17,17,28,-15,-1,-4,19,10,17,1,30,-25,2,0,24,-21,-6,-18,3,5,-15,14,-17,0,-23,-22,-15,22,-1,13,17,12,-9,23,4,-24,-5,15,8,12,16,-16,4,7,18,11,8,27,-9
CSI_DATA,23806483151,-65,64,0,0,-17,7,6,14,11,-9,-8,14,15,-13,7,-16,8,15,-7,-12,-3,24,-16,-11,14,-1,10,9,4,11,-20,13,-18,13,-12,-11,24,-11,-11,-17,18,3,22,2,28,-3,2,-28,-13,22,-17,-9,-14,-7,-7,-26,8,19,-5,-22,-6,-25,22,28,8,16,-14,-2,10,16,-21,-1,25,-1,-7,28,1,19,-18,16,-13,14,-8,-9,1,15,19,-19,31,-7,-4,9,9,-14,1,-21,3,17,12,-19,5,26,-16,-7,4,23,-22,-2,-18,-18,6,-21,9,9,8,23,-22,-13,-20,-1,-8,16,15,-8,7,-19,15,-8,-13,9,28,1
CSI_DATA,23806579112,-60,64,0,0,21,0,-12,-12,-18,-2,17,2,3,-9,-6,21,4,-33,9,14,14,-16,-27,-19,-19,-9,4,-28,14,14,12,20,29,-3,-19,5,-9,22,-10,23,-11,22,-4,-22,16,15,-12,9,2,30,-9,29,-6,28,-6,-18,-23,-1,23,0,-21,-15,-13,-2,-23,0,9,-31,-5,28,15,-2,17,-6,10,17,16,-21,15,21,-9,-18,10,13,-28,1,21,2,-5,-23,8,15,28,11,30,8,21,4,-18,-5,-10,17,-10,-3,5,26,-11,-4,-13,-12,25,15,0,-24,-10,-23,-4,18,5,-19,-9,-15,-7,16,-9,27,10,-21,14,16,15,-4
CSI_DATA,23806683837,-62,64,0,0,5,19,-21,14,5,17,-23,-6,9,-6,5,19,-21,-5,-7,-23,21,-15,-12,-17,-7,13,13,-21,-24,20,-15,8,-20,-11,25,-7,16,9,7,15,21,-5,-21,-8,20,-8,-17,-1,-5,-11,26,15,-15,-16,-18,-19,2,27,-15,-16,-18,-1,20,12,11,11,18,-15,16,1,-20,-3,-15,-10,-4,24,19,-14,6,-15,12,-12,-17,-20,11,-22,10,-9,19,2,14,-2,4,29,7,21,11,-2,2,27,12,11,7,12,-2,15,4,22,11,19,18,-21,-4,-20,16,23,2,27,18,5,-12,-21,22,-17,-13,19,18,-8,14,-7,-9,-24
CSI_DATA,23806779316,-62,64,0,0,15,-16,18,-4,-20,18,-6,-26,20,5,15,15,-10,16,14,22,23,7,18,-12,2,-33,-16,8,-4,18,21,17,13,-17,-13,-14,-25,2,5,-23,-13,-23,-8,-18,5,-19,-13,-4,23,-1,-21,-7,-7,-14,-14,-14,-25,-12,-14,8,22,6,-19,6,-18,14,10,8,2,20,-9,19,8,-17,14,-3,13,-17,5,16,2,-24,11,19,-2,-34,2,-21,29,-9,-19,31,11,-16,4,-14,-5,-18,23,1,21,11,-24,-1,17,-8,-21,14,-22,-1,4,18,12,16,-10,16,8,18,20,-15,22,21,21,-5,-1,-21,-2,25,-4,21,-27,5
CSI_DATA,23806883404,-65,64,0,0,19,-14,24,-15,-17,-15,-3,-14,-5,-25,-13,9,7,17,21,15,-10,7,29,5,1,17,15,-6,14,-13,-30,-6,1,-31,-16,11,10,15,4,-19,12,11,-9,12,-21,-11,-17,16,-13,9,-24,-18,7,12,4,-16,-22,9,20,11,-19,-25,6,-20,-18,12,12,11,14,30,10,-26,6,-21,-6,20,10,20,-10,-18,-15,-13,-24,10,-9,15,2,-20,-8,33,-6,-24,-9,29,-3,-17,22,7,-12,-25,6,-17,-8,18,17,13,-12,-18,-19,15,-8,20,24,-21,13,4,13,7,29,-9,27,17,13,-18,-19,-8,-12,6,-9,-9,26,21
CSI_DATA,23806984261,-64,64,0,0,8,-27,13,11,-23,12,-10,-22,0,19,10,24,-14,-14,-28,-3,0,20,4,4,-14,-10,-29,-7,27,-1,17,17,-21,0,-12,-4,13,-14,3,14,3,14,-20,-9,13,-24,17,0,5,29,28,-7,-3,-17,25,4,2,25,-2,-18,30,10,-3,-13,-23,-11,-23,-7,19,5,-26,-14,-26,4,8,-22,24,-6,-11,-20,-15,17,29,6,24,-9,-18,-12,22,2,1,-28,-16,-11,21,15,-12,28,-12,-8,-5,-26,5,16,-3,-20,16,-26,26,-5,22,9,14,-2,7,-17,11,19,-18,20,-32,-4,-19,11,4,-22,11,-7,-20,3,-8,11
CSI_DATA,23807083590,-60,64,0,0,23,10,-2,-21,-13,-14,-8,11,-5,22,-17,10,-15,7,19,1,17,14,11,13,7,-27,-10,23,-19,-6,18,-11,20,-6,-15,-14,-6,8,7,30,17,18,-29,-6,-6,-12,4,-16,9,-4,-11,15,-29,-3,12,9,-7,26,14,15,12,6,-15,15,2,12,-21,0,-13,-18,8,16,21,-19,16,22,-14,-28,18,6,-10,23,11,24,22,-6,23,-3,-6,-21,-24,-4,-8,-22,-7,18,-26,10,1,12,0,-33,34,7,11,-18,6,-12,3,-26,16,2,-16,20,-25,6,-14,-1,-26,-12,-4,-17,19,14,-15,0,11,-8,-13,7,-6,14
CSI_DATA,23807185923,-59,64,0,0,18,-17,-16,-13,34,-14,-9,27,8,17,21,-10,-17,-14,-2,16,20,-20,10,-14,13,-17,20,10,2,13,2,-34,-23,-14,-12,20,-13,12,-12,14,-32,-2,-19,-14,10,-15,-8,10,8,-12,19,-13,-26,9,-25,1,20,7,21,-11,26,-2,19,8,2,13,-2,20,-25,-8,-16,6,7,23,-24,-20,-18,13,-31,1,-15,3,25,1,19,-22,-24,2,-9,2,-15,-1,-1,24,26,-4,7,-24,27,-11,-9,14,0,29,14,17,14,-19,-5,-18,14,28,-22,-7,-22,-8,-19,14,-13,-13,16,-4,8,-14,7,22,-4,22,10,-16,25,-2
CSI_DATA,23807284846,-61,64,0,0,2,-22,1,30,-17,18,16,13,-5,-29,-2,-24,19,-5,-6,-15,23,-7,0,-24,-8,18,22,-11,-18,12,-30,7,-27,13,20,-2,19,-20,8,21,7,16,21,12,20,-19,1,-17,-1,19,5,-16,-20,-3,8,-11,22,8,12,20,20,-20,-13,-18,-15,-15,19,4,-12,14,-14,12,18,-5,-19,-17,1,-19,21,-18,24,-2,-2,16,1,24,26,-12,-14,-19,26,-15,-10,24,-17,-18,-21,5,20,8,-5,13,21,-8,15,-7,16,-17,-14,-23,27,12,5,19,17,-20,17,16,22,-20,-11,18,-8,-15,23,-2,13,9,-6,-19,13,12
CSI_DATA,23807382026,-60,64,0,0,26,5,19,-9,-19,13,-2,-18,-12,-35,-2,13,-18,20,-28,-2,11,-4,4,20,0,-24,-18,14,-15,3,12,23,-8,-25,2,-8,6,18,21,-12,-1,-17,-13,-10,6,-19,17,-28,27,6,-17,-9,-12,-15,6,2,-26,7,2,-17,11,-22,-21,-9,23,-8,-3,-18,-10,-20,18,-18,29,9,14,-9,2,-30,-26,-18,5,-21,-10,-23,-19,27,-16,4,22,9,-24,19,35,-5,-18,8,25,-6,5,-21,14,28,16,-7,17,-8,-18,22,15,-12,26,-6,-5,-25,-4,18,-8,31,-28,-7,-27,4,16,1,-16,7,15,24,24,-13,-26,3
CSI_DATA,23807483605,-63,64,0,0,-15,11,21,-6,-12,15,24,-12,20,10,22,4,-10,24,-10,-21,-18,8,12,12,2,-15,7,18,17,15,-14,14,-11,19,12,-21,8,-19,-12,13,-24,1,9,14,7,-11,-20,7,-1,-19,22,2,13,16,17,-9,-11,-14,-3,-25,-20,8,2,-20,16,5,3,15,16,-9,-21,19,29,5,-12,-14,-11,-8,-29,6,-14,-1,-4,-23,-24,-18,23,-6,0,-24,25,24,-17,-29,-14,23,-24,7,11,22,-13,9,37,-2,0,21,27,17,-6,15,18,22,-14,20,15,10,-14,18,-23,-2,-16,-15,-18,6,-17,-12,16,-16,-1,19,19,-13
CSI_DATA,23807580732,-61,64,0,0,26,-6,-9,18,18,5,-23,9,13,23,-7,23,23,1,26,-11,-12,2,-21,-9,-15,-2,-14,11,22,0,11,34,16,15,-16,15,3,25,19,18,26,5,21,5,20,4,-20,-10,-16,-14,-14,3,-8,16,4,28,-15,8,-6,-29,-16,-4,13,-21,-7,-21,-22,1,-15,21,-18,-10,-4,-14,-13,19,-14,7,-21,-9,18,5,19,12,-17,5,-3,26,14,-24,-6,15,-17,-9,10,-23,17,-26,-14,16,-27,-1,-16,15,-8,24,22,-15,-8,-22,8,-15,-15,18,8,18,-11,-20,20,0,9,-17,12,0,-18,2,15,-6,-19,-5,-10,30
CSI_DATA,23807679801,-61,64,0,0,-14,17,11,21,10,-13,-14,10,-1,-17,-7,-12,-15,9,-6,13,22,-10,-20,-7,12,-15,-5,-13,-7,-28,24,-17,7,22,-20,-18,5,29,17,20,-17,-10,20,-7,-4,15,-33,4,27,14,10,-5,22,-11,15,11,-30,-1,15,13,-2,14,23,-22,0,18,0,-39,18,-1,25,17,28,15,-7,17,15,0,3,21,7,-23,-28,7,-2,-18,-11,20,0,28,-17,18,-1,20,9,11,-22,-6,-3,11,6,-21,0,17,21,11,13,-9,4,24,-12,24,17,-20,-19,13,3,28,6,-17,-29,-3,19,12,-2,18,27,-1,-11,17,1,14
CSI_DATA,23807781222,-59,64,0,0,-3,-16,-18,-5,13,-10,-18,12,0,-28,-19,-20,-11,-17,-11,-13,10,-16,7,26,14,24,-20,-6,-6,-23,-7,-23,0,17,-22,-1,16,15,-21,-9,-5,20,19,4,15,-14,1,-20,12,20,-17,8,-17,0,-11,12,-21,-7,-12,-24,2,-24,-17,-23,9,-19,-12,-28,16,-8,17,-9,17,13,16,11,5,-12,-22,9,16,-9,-26,4,-14,16,-19,21,-18,-5,-6,31,-14,-7,-23,-2,-2,11,-2,-15,23,-16,-27,2,17,1,5,22,26,-1,-24,3,-4,22,-18,2,-11,19,-24,-18,15,-6,-12,-13,-1,-22,6,-16,-8,22,-19,11
CSI_DATA,23807877773,-61,64,0,0,19,12,-24,13,9,14,-20,24,-9,-22,15,12,-8,-22,11,3,22,-5,-5,26,-14,15,15,19,-10,-16,20,-6,18,8,1,28,-6,-17,24,-2,-18,13,-5,15,-7,6,20,-10,-26,-2,-23,15,-22,13,18,8,15,-6,-14,21,12,28,-30,-9,-23,-7,13,-18,-13,-12,-22,-11,-12,-15,14,-4,-17,1,-28,5,-5,-23,-10,12,2,15,-15,-22,3,-28,-1,24,12,-24,14,-19,-16,-11,19,-6,5,-24,13,-11,-26,5,-7,33,-25,4,10,-17,-19,9,12,-19,-27,-16,-3,-19,11,-17,-15,12,-20,8,25,-5,-15,-22,-4,-27
CSI_DATA,23807978105,-62,64,0,0,-1,20,9,-21,-8,25,-12,-18,-25,11,-21,-1,-7,-25,-13,17,9,7,11,-20,19,-1,-16,-16,-14,-17,6,-20,-16,-5,-5,14,-29,-1,1,-17,-20,10,11,14,-8,21,-12,24,23,6,-24,-14,-22,5,1,25,10,25,19,-20,-23,2,-20,2,-17,1,24,12,-15,25,23,-10,-11,-14,6,-19,-20,14,26,-14,7,19,-21,-1,31,7,-2,-21,7,30,28,-9,-27,16,-21,-12,-22,14,21,2,20,12,2,-21,21,-14,15,-20,-6,23,19,-4,26,-9,-16,18,8,10,14,8,-18,-11,-20,8,-21,13,14,19,18,0,-8,21
CSI_DATA,23808079383,-60,64,0,0,-15,26,-12,0,-12,10,21,10,1,21,-16,-12,5,-25,19,6,18,16,-19,5,-11,-5,7,-17,21,-3,-8,-14,6,-14,-22,-18,21,8,-14,-14,28,5,-4,22,25,-3,-15,16,-10,-15,14,11,-20,-14,-17,-14,-26,-17,19,-5,-17,3,-3,-13,9,-16,22,17,-3,19,-24,-9,14,-23,16,1,-12,19,-2,-26,-16,24,-18,7,2,9,8,27,14,-7,-5,23,-25,-8,-6,-18,11,19,-6,-21,-23,0,8,10,-17,9,1,11,-29,2,11,17,-15,16,-21,-10,-18,8,-21,-3,7,11,1,24,25,14,-12,12,28,2,17,8
CSI_DATA,23808178073,-64,64,0,0,21,-14,-31,-7,-4,-25,13,18,20,8,29,14,17,-1,15,-25,1,-16,-24,-20,4,-14,-13,-4,-16,27,-10,-16,21,5,-22,-14,14,9,7,-19,-26,17,19,8,-14,-28,6,-15,-25,15,22,9,-14,19,-4,-11,-24,-5,-3,26,-19,-4,-21,-17,10,-11,8,-25,4,13,23,16,-22,7,-5,-27,7,-24,-24,13,-17,13,-19,-10,26,1,-30,-6,29,16,25,2,11,-23,-9,23,-21,-7,9,22,18,-12,-19,13,-10,-23,-8,19,-9,24,-13,-9,20,1,-11,14,9,-21,-21,-8,-8,-10,-7,22,8,19,29,2,-19,-4,-11,-8
CSI_DATA,23808273991,-65,64,0,0,10,-14,-21,-3,0,17,22,3,21,-2,14,23,28,-5,-18,9,12,-14,22,10,-8,16,6,-17,13,18,-23,-8,-8,6,-13,12,25,-5,-22,15,-14,-21,-19,10,13,6,15,-27,-2,15,-18,17,-14,3,-6,-19,-25,8,-19,-6,31,-2,5,14,17,19,-18,-12,13,-27,9,-16,-33,-2,17,14,-11,16,4,-20,0,20,-14,8,9,10,4,36,13,21,-2,-16,17,3,-16,18,-2,21,-15,-9,-6,-16,-5,18,20,20,11,18,11,-9,17,-3,28,7,8,-30,-11,19,-6,-20,-16,-10,2,-22,-16,8,4,-24,14,10,-18,-6
CSI_DATA,23808375658,-59,64,0,0,7,25,-6,-27,-22,-12,-12,22,-9,24,11,9,-14,-20,-19,-19,-24,-14,-16,-23,23,14,27,-16,-16,15,29,-4,-28,14,-17,10,-15,-6,-25,11,20,12,9,-16,-12,-18,-24,-12,-19,3,10,-23,24,5,-6,27,14,3,-13,17,4,16,-21,-18,-3,20,-3,-24,3,-24,-20,10,8,19,8,-21,0,-18,-14,15,0,-16,11,18,16,-13,4,-21,-18,-14,11,15,9,21,-26,8,0,-9,-8,24,11,13,-16,24,-27,13,17,-8,6,-18,26,5,-16,11,-22,-13,2,-18,-15,9,17,-7,13,20,8,20,14,21,-14,-4,0,17
CSI_DATA,23808475939,-61,64,0,0,-7,14,-24,0,-15,14,20,-7,-16,-20,-2,17,28,-6,26,5,3,19,15,15,5,-24,-14,17,18,18,-14,-6,-12,-9,-12,13,-9,-25,-21,2,12,-16,-17,-2,-16,-12,-1,-18,14,-7,-8,22,3,18,15,-10,-4,19,18,-2,-1,23,10,17,27,0,0,-36,-18,-16,8,23,-17,23,-9,20,9,22,-8,14,4,-19,-10,-30,-13,-4,15,14,18,21,19,-15,0,-23,13,-31,-16,-7,18,2,4,-20,27,-7,4,-24,-15,-11,17,-15,-12,1,-26,-9,10,23,-10,26,18,2,18,-12,-27,10,-23,11,-27,6,-15,1,-32,-5
CSI_DATA,23808578966,-62,64,0,0,-14,-19,1,26,11,29,6,-22,13,-9,24,-1,-12,-27,-14,-18,-5,23,-1,19,-13,14,25,-20,-2,-32,-11,22,10,14,7,-24,-27,2,11,18,-1,-19,6,-14,25,1,-21,-4,-13,-23,-17,-25,23,-3,-22,5,14,11,-23,-2,-24,4,-23,-11,-17,-17,18,8,14,12,6,24,19,-11,-2,34,23,14,16,5,-22,10,11,-5,13,19,-21,-3,-7,18,13,-6,22,-7,18,15,-15,0,-16,16,11,-15,3,20,2,-32,19,0,-12,12,23,1,-15,3,13,-15,26,-7,-22,10,15,-17,0,17,-18,2,-4,-28,5,-23,22,-8
CSI_DATA,23808683523,-64,64,0,0,14,-33,-17,8,21,-3,-8,26,15,20,10,-18,-27,-8,-20,18,-26,-4,4,18,-6,-25,-8,-19,-22,11,8,-11,-4,28,-22,-6,-3,-26,12,10,-21,8,-6,-17,9,-21,3,-5,11,7,1,-22,17,16,-23,-15,-5,27,-5,-22,11,15,-2,14,15,-9,-23,8,-16,-14,9,-25,-17,-20,-17,-12,-28,0,5,-23,-16,6,25,0,1,-29,12,22,-3,-25,18,4,-12,-17,10,-16,-25,-10,-10,-26,30,-6,-4,21,-4,-19,13,-22,21,-2,-21,-13,30,6,-21,7,-21,19,-14,10,-21,9,3,10,4,-18,-8,29,17,-10,19,-2
CSI_DATA,23808786400,-63,64,0,0,12,-11,22,12,10,-13,8,-25,14,-6,-6,19,-12,-12,27,-19,-21,16,11,28,17,-4,-4,21,-6,16,-15,-8,11,-15,4,-10,-16,9,14,11,10,-12,-16,8,19,-16,2,-30,-17,-7,13,13,25,-13,-12,12,-15,9,11,31,-10,6,-26,-1,24,6,-12,20,-3,-24,20,-23,7,-27,25,-12,-11,17,-4,-28,7,-18,10,16,-12,18,18,10,13,28,16,19,-4,16,-25,-15,-10,-12,-4,17,-20,17,-2,-23,2,-25,22,15,-12,-15,-14,9,-20,13,15,7,8,-9,11,17,17,6,-10,4,9,-18,-3,14,-10,-25,-1,-30
CSI_DATA,23808881824,-59,64,0,0,-4,-13,-19,-1,3,30,17,5,-16,16,12,20,26,10,-4,20,-17,27,-4,25,-3,25,17,16,-13,14,9,18,12,-17,12,17,-28,-5,16,-7,25,-18,18,-14,8,-21,10,8,-15,-1,10,-13,5,-24,23,-1,2,17,27,-1,-11,8,13,22,-20,-13,-8,-4,-21,-23,17,-2,16,6,-15,7,-13,18,19,-21,-24,-1,-5,15,11,14,3,-14,-19,9,-1,-23,21,-14,12,22,26,-7,-16,14,-22,-5,-1,22,-1,23,-16,8,-6,17,14,-11,-15,5,-6,15,-8,-27,-1,-23,21,-15,-19,4,24,-2,6,25,6,15,-12,8
CSI_DATA,23808985964,-64,64,0,0,-10,-21,1,-10,19,-8,-2,29,-23,-5,-23,12,-23,-10,9,-4,-19,-25,1,34,-25,-15,10,-25,-7,-3,11,18,18,14,-24,-1,-11,-25,16,-13,12,14,29,-1,14,5,16,17,-20,-8,15,18,-14,-7,9,-22,-10,10,-9,-29,-23,-6,-6,-24,-13,-3,-18,3,21,18,3,-18,14,1,21,-7,16,18,12,7,17,-13,-24,11,-20,-19,2,17,26,-10,5,-25,22,17,-2,29,-14,28,4,14,16,18,-17,-19,13,-5,-25,4,18,-2,-7,18,-2,23,-29,9,8,-14,21,-14,-16,-10,-28,0,-7,15,6,26,16,-1,-11,-18
CSI_DATA,23809090572,-64,64,0,0,-17,-9,-12,-4,17,-20,-24,18,5,-18,16,-12,5,-19,20,15,-9,23,7,19,-27,-1,-4,28,13,24,-3,-8,-17,-2,7,-13,18,-15,21,7,-34,-10,-14,17,18,-8,16,9,-21,0,2,-15,-15,14,5,27,28,6,-14,18,17,-13,11,-24,-10,-15,6,24,-20,-2,3,23,6,29,-10,-21,4,12,-22,7,-20,17,-18,1,13,19,-3,-23,11,10,13,9,-5,16,7,19,-4,19,-9,10,-19,-10,-10,1,12,-16,4,12,23,0,-19,-10,13,-13,2,24,-19,-9,-19,11,19,-2,12,-16,-11,-10,30,-11,19,19,-12,-7
CSI_DATA,23809190257,-61,64,0,0,1,20,17,6,7,28,-25,6,2,-21,-22,18,28,10,25,-14,5,-19,-15,-18,-15,23,10,24,-18,-9,24,10,7,17,-22,-4,9,-14,-20,15,5,15,24,2,9,-8,-2,26,4,28,-3,-15,-1,24,-19,-4,-5,-25,-19,-17,20,3,-14,-25,4,-23,2,-13,-19,-12,8,23,3,23,-19,15,-23,14,14,15,-11,-16,-5,24,12,-16,13,-19,22,0,16,10,-1,-24,-11,-11,10,-17,17,-23,20,5,17,16,-5,25,-19,12,21,17,23,-13,-20,21,-27,7,19,-8,-15,-5,-3,14,-17,25,19,-6,-20,-9,22,-7,16,-17
CSI_DATA,23809290176,-63,64,0,0,-15,3,19,-7,-27,-1,12,17,-23,-16,-18,-19,11,-14,5,-24,5,13,-11,-20,-3,-22,16,-11,19,23,-6,12,15,-11,21,-9,-17,-2,3,-17,-7,-26,-16,-6,3,32,-20,17,3,22,-12,-21,17,9,2,26,-4,-13,18,9,27,-8,13,-18,10,-14,18,4,20,-2,-17,-14,8,-7,-23,11,-20,11,7,-9,-14,-14,-20,-9,-22,-8,11,23,25,-13,-7,28,-13,15,-23,-8,13,-17,1,-16,-4,-16,-13,19,19,4,13,15,9,14,19,5,13,10,10,31,14,-12,-18,15,-9,23,1,25,18,-7,1,-21,-17,16,14,-24
CSI_DATA,23809391086,-61,64,0,0,14,17,-6,15,13,-13,28,2,11,10,-10,-16,-23,-14,4,-16,5,19,1,29,-10,-18,-23,-16,-9,-23,3,-10,-11,-8,3,-14,-11,-7,18,-3,21,11,12,11,-15,-18,-25,-12,24,2,21,-8,-12,21,14,-19,-13,-14,23,11,-12,22,10,-15,28,-3,21,-19,-26,28,2,30,6,28,14,10,12,-15,9,-26,9,15,-24,-3,-22,6,-7,27,4,-21,-11,27,-6,-11,-10,-12,0,22,-2,20,-11,-18,11,-6,11,21,9,-29,5,18,10,-15,24,4,-3,-12,17,10,16,14,-26,-5,19,-16,-17,7,8,14,-26,17,-19,-1
CSI_DATA,23809488733,-61,64,0,0,17,13,-15,4,14,-2,8,-14,-33,9,17,11,12,-28,22,7,-18,-7,24,-17,-20,15,-10,-9,4,17,27,5,3,16,-15,12,-15,-23,13,-8,-20,-6,15,-5,4,27,3,12,19,17,-24,12,-10,17,-12,-12,27,8,1,27,-7,24,-9,15,22,0,4,15,5,15,5,-29,16,12,5,-21,2,20,-6,-24,13,18,30,5,-11,-10,6,16,19,23,-15,-1,18,-3,-16,-15,-19,11,-13,-23,-17,23,25,3,-9,-12,3,27,17,14,25,8,30,-6,20,12,-14,20,-7,-14,29,-14,8,29,18,13,7,-15,-1,24,-12,11
CSI_DATA,23809584906,-62,64,0,0,12,-23,-10,31,14,-2,-21,-13,-16,19,26,12,1,-22,-21,3,27,-8,-7,-12,-19,-16,-21,-1,-12,25,-6,19,14,26,20,1,22,15,19,12,18,-5,-16,16,12,12,10,18,16,-7,-26,-8,22,16,22,7,-31,2,-6,22,30,2,14,18,10,-12,13,-20,-1,21,0,20,-4,25,2,17,-18,-1,13,11,-15,4,3,-8,-15,-18,-12,9,26,-10,20,5,6,21,-14,1,6,15,10,-24,-12,-9,24,-7,20,16,5,16,23,2,-4,-15,-6,16,-15,3,15,5,-17,-21,-19,-9,14,-13,-9,-11,-21,-6,-25,-6,-20,16
CSI_DATA,23809686034,-63,64,0,0,10,14,-15,-15,-20,10,11,-12,27,6,-9,17,-3,-31,-9,22,-18,5,-13,19,14,16,3,-21,12,-28,-27,6,16,13,15,-11,25,3,23,14,-4,-28,-12,-18,15,2,6,-25,3,-21,-8,-21,11,-24,-15,15,-1,-22,8,-21,8,-5,4,21,15,-2,-6,-19,18,-19,21,-8,-6,23,-16,16,9,-17,29,8,-7,17,7,-5,-7,18,-23,1,24,-8,-1,22,18,17,-17,29,-14,-24,-16,11,-13,-10,-3,18,-14,-16,21,1,20,12,-20,-15,-28,12,11,1,8,-28,19,5,-18,2,-12,16,-18,-16,8,23,-12,2,5,-24
CSI_DATA,23809789652,-64,64,0,0,-17,16,12,-21,9,22,20,-11,-18,-16,-21,1,0,23,15,17,19,12,-28,-15,24,-16,-16,11,-1,12,34,18,-6,-20,11,-17,0,24,15,-6,9,-11,0,-14,14,-4,2,-12,10,-7,-18,22,5,24,-13,24,-3,26,-16,8,-8,-22,-10,18,-21,20,15,15,-30,14,-13,21,-17,19,22,9,-15,9,-13,18,-10,-17,-19,11,-16,-12,25,-5,1,15,-11,-23,-19,-9,-18,12,18,12,18,22,-11,-18,-28,8,19,5,-18,8,24,3,-24,2,-10,-15,-11,-18,-12,-14,-21,-20,15,-9,-30,-9,-14,18,-20,3,-20,5,-29,16
CSI_DATA,23809885372,-61,64,0,0,11,-3,21,0,-24,19,17,-12,13,4,-12,-19,3,-12,-12,-16,21,-12,-20,-10,18,-8,-11,15,-20,-9,-2,-25,10,-20,-22,-25,10,-32,27,-7,-14,7,0,-15,16,18,-8,22,11,-17,5,18,-18,-18,-1,-20,-6,12,16,-23,21,-2,0,15,20,-9,-21,-19,29,10,-14,10,-19,9,0,-20,20,11,-3,-7,-14,-6,-5,17,19,-6,24,-5,-13,21,-3,-25,12,-10,4,31,-20,3,-16,8,1,-19,-16,-22,-8,21,-14,-22,-25,2,-10,12,4,20,-7,-12,-13,-25,-10,23,-18,-12,-1,25,-7,30,0,5,10,-15,10,-19
CSI_DATA,23809986378,-65,64,0,0,3,18,9,11,-6,-21,-13,-17,9,11,23,18,20,10,-13,-10,22,5,23,-13,-13,-9,-9,20,13,23,-23,12,5,25,-3,15,20,-12,22,-13,-21,13,-21,-11,-12,-18,1,-15,-27,-3,-9,12,18,7,-16,16,-7,-15,-7,10,3,18,18,-20,20,8,18,10,25,3,23,5,-13,10,-15,15,6,17,-12,20,17,16,11,19,-19,17,-11,-18,-28,-1,22,-7,-3,26,7,21,7,-15,8,-24,12,5,24,-8,7,19,-7,14,11,12,16,-8,-1,-21,11,22,-5,22,-20,-6,-18,-19,13,-15,19,12,17,-8,15,12,-16,19
CSI_DATA,23810090870,-64,64,0,0,-12,-7,25,-4,16,2,-19,24,15,-17,-15,11,-17,1,19,-6,-29,4,8,15,-19,-16,-7,10,11,-8,15,-17,12,25,16,-11,18,8,13,22,22,7,-7,-12,-16,-7,14,-8,-23,0,23,10,17,-12,-13,-25,-19,-10,-14,25,20,13,-17,18,-19,-13,28,-16,6,21,-10,-27,-10,16,22,16,22,2,-16,13,-16,11,-5,19,11,23,1,27,12,21,19,5,-6,13,-19,28,17,12,18,-9,13,19,-28,-11,-23,-4,5,-22,14,6,21,-6,-26,13,21,4,6,-14,-19,-11,-1,-19,-10,-20,-8,18,-11,-26,17,6,-22,-12
CSI_DATA,23810191382,-62,64,0,0,-28,4,-8,-30,-10,-25,-21,-10,-7,27,-2,20,12,-22,-18,13,-5,24,14,16,7,15,1,21,12,-8,31,2,1,25,17,-30,13,-22,11,3,14,9,1,17,4,-20,1,-17,1,-24,9,23,-12,19,-20,-14,23,6,19,17,28,1,19,-1,-12,-8,13,-31,-5,21,-6,17,11,-17,20,6,-23,-5,33,0,-27,1,13,-23,-19,-8,-12,-20,-14,-21,4,-9,-23,6,-15,-15,12,13,-2,-25,6,20,-14,24,6,-25,14,-14,-18,-14,-17,13,11,7,13,-23,1,-27,1,15,23,-1,6,-26,6,27,-13,19,-15,-12,-3,-25
CSI_DATA,23810288937,-62,64,0,0,-10,-18,5,24,-18,-16,0,-16,15,-13,5,-16,14,0,19,5,-18,13,-27,-8,14,12,24,8,6,-7,-19,-16,-10,-24,-5,-17,10,21,13,11,3,24,-8,-25,15,-10,15,-16,17,18,-16,2,21,11,16,-18,4,-24,0,23,11,-9,-16,16,-22,18,-12,-9,14,7,0,-24,-22,-13,7,6,-25,0,-9,23,-14,-9,8,-15,12,9,-5,18,5,-13,-23,-17,-3,-19,13,19,19,-23,18,7,0,16,5,24,11,16,-22,-18,-8,25,5,14,20,-8,5,17,18,21,15,-18,7,-16,6,-22,9,-10,-13,15,-27,7,-2,-20
CSI_DATA,23810389208,-61,64,0,0,12,7,-22,-16,28,-5,6,6,-15,-11,1,23,22,-6,7,16,6,-26,-18,13,-4,-16,-28,-18,-18,10,28,-9,-26,-12,2,-17,17,9,-25,-2,27,11,10,21,-17,-19,-8,13,-25,0,-21,15,7,-20,12,15,3,-14,-3,19,19,-19,-6,31,-26,6,12,-22,-17,-4,-16,-23,-16,19,-17,-2,17,5,18,-3,-4,-13,20,-4,26,9,5,-20,16,18,2,-27,18,0,-5,-26,24,-2,16,2,-23,-2,5,31,-5,25,-18,7,-14,-16,13,17,8,-29,-22,0,-15,5,18,-24,31,-5,-14,-3,-11,20,-15,7,5,19,-17,-18
CSI_DATA,23810487478,-63,64,0,0,-2,-23,-8,-26,-8,17,-24,1,14,-1,23,-13,-13,-7,23,-11,-6,-16,11,-16,3,-22,24,-2,6,-23,5,28,17,-29,-23,-8,-2,-23,20,6,-21,-22,13,10,24,5,-12,-19,3,22,-3,-22,6,-21,-19,7,26,-8,-21,-10,0,-24,-23,-1,22,6,20,-16,10,-19,6,19,-24,4,-1,15,-10,-3,-1,20,-12,21,-27,10,-3,15,22,-5,9,-20,13,23,-20,-4,-21,19,8,7,9,-26,-13,-14,-13,-7,-6,-18,0,28,-24,10,-28,-5,-27,-14,15,15,-14,16,-28,1,23,-7,-22,15,-4,22,3,-14,10,-19,23,12
CSI_DATA,23810590655,-65,64,0,0,17,-11,8,21,-23,1,7,-19,16,-22,-19,-19,-14,23,-23,10,25,-15,15,-18,13,-16,-5,30,-4,-18,24,-12,12,-20,-14,22,-10,23,-14,8,-3,-12,2,-21,-29,-5,0,-19,8,23,-3,-27,24,-1,-30,7,-6,-19,15,24,18,13,-26,-18,-4,20,23,19,20,-6,3,14,-12,24,-1,16,17,9,9,-22,30,-3,-20,-12,-23,-5,4,10,15,-13,13,17,-27,5,19,-9,-20,8,21,3,-16,28,-2,12,-26,-10,5,18,12,-26,0,17,-27,15,-3,18,0,34,6,-16,11,-21,-8,-15,18,-9,-8,-20,-4,17,0,-22
CSI_DATA,23810690325,-63,64,0,0,-15,11,-16,14,3,14,22,-12,-23,-6,4,13,24,3,-18,-16,-22,-7,-17,-19,27,-17,-20,10,12,-26,10,-15,-17,-6,-22,20,20,-21,0,24,30,17,-25,10,1,18,8,19,-24,-5,-12,25,-20,8,-20,14,1,-26,21,17,-2,-16,-20,-10,22,-7,-10,-23,-10,-15,3,-10,-22,21,6,16,14,17,8,-17,-14,-11,-12,-21,5,-13,8,-17,-14,-11,1,17,17,-4,-21,11,-5,-18,12,-17,17,-1,-27,-8,13,21,19,-17,17,18,11,9,-20,2,-24,15,13,18,-24,-6,20,-10,22,0,21,19,14,15,20,-3,-17,-20
CSI_DATA,23810787684,-60,64,0,0,24,-2,6,19,18,-18,19,-13,-37,-10,-24,-18,0,-27,23,-5,-11,-9,17,2,-15,13,27,3,24,14,24,3,-4,30,-4,-21,7,-27,4,-20,20,-14,23,10,23,12,24,9,19,-12,-28,5,21,8,10,21,13,-20,0,-16,24,-6,18,3,21,-11,23,2,-14,8,20,15,-7,-17,4,15,-14,18,1,17,-14,-10,-16,-16,-8,23,-17,21,-1,16,-16,25,6,-26,-12,19,-20,11,-25,6,25,-1,-14,13,-16,13,1,14,-22,6,-13,-22,-14,-5,-10,-27,11,-20,-28,6,-21,3,23,-19,-4,26,21,-9,5,-14,-24,19
CSI_DATA,23810888081,-60,64,0,0,-7,-24,5,-21,17,9,16,17,19,15,-15,19,-18,1,7,16,16,-14,-30,4,5,-15,-21,-2,-10,-27,6,-27,23,15,12,-15,-1,-19,-25,-14,14,11,17,-21,-18,-22,-1,-24,-7,-20,-9,-22,12,-18,-14,-23,15,-14,-11,18,14,-4,-8,20,11,25,-2,-21,-29,-4,1,-28,10,17,-22,7,25,-5,15,-9,13,7,12,-16,3,-23,14,-8,11,-8,6,16,12,1,22,-4,12,-12,-15,16,7,17,4,22,11,9,20,23,14,-34,5,-20,4,18,-1,27,-6,-6,19,6,-25,-9,6,-25,19,17,-15,-9,11,-16,-13,5
CSI_DATA,23810992363,-60,64,0,0,20,10,2,-21,-15,-3,20,-1,-13,17,23,10,13,-9,-12,-21,-26,2,9,14,22,-9,-9,15,-3,-14,21,1,-16,13,-15,-13,12,23,-8,-23,36,-2,13,-11,18,-14,-3,-27,23,4,-29,14,25,13,-10,-21,9,10,-4,17,-18,12,-17,6,-15,13,9,14,-7,20,17,-22,-3,-29,-9,16,3,18,18,22,-16,5,12,-15,-13,-20,-22,5,-20,-17,-32,-13,12,14,-22,-20,-3,14,21,-8,12,11,2,17,25,-6,-7,23,20,10,-19,10,4,17,24,-8,-26,6,5,-14,13,-23,4,-27,-11,22,7,-17,21,-8,-18,-8
CSI_DATA,23811095299,-62,64,0,0,-14,17,-22,-6,-13,-18,10,31,-29,-6,17,-4,14,-11,11,-8,-16,4,22,5,6,14,11,15,-3,15,9,-22,-6,-5,5,-23,-29,0,-14,11,28,1,12,1,13,21,17,13,19,-10,11,22,-20,23,22,10,8,23,-14,-10,13,-6,-3,15,-18,-9,-20,13,-13,-1,-10,-6,-26,5,24,12,-17,5,-25,2,-19,8,-7,-26,12,-14,11,17,21,9,-1,22,1,-18,-27,10,-19,13,-22,-14,-20,-5,8,-17,7,21,-14,-15,20,19,-4,-28,-15,25,-9,28,-8,-20,13,-9,5,-26,-20,7,30,8,15,17,-27,6,18,1
CSI_DATA,23811191130,-60,64,0,0,24,4,11,-14,-18,20,-13,26,-10,-23,18,8,-13,-25,24,-1,25,-8,11,-27,0,21,-3,16,-17,-2,-4,27,-14,-16,-12,-1,-10,-11,11,22,-13,-20,7,-22,17,6,-21,-22,12,-17,16,-4,1,13,8,-15,12,-27,-11,9,16,-13,-13,-8,20,-3,10,-11,-22,-8,-22,11,9,24,13,14,-27,4,-23,6,-5,23,4,-23,17,-2,21,-1,-27,-3,7,-13,11,-22,6,-20,6,31,-25,-20,-5,-28,6,22,22,-2,2,25,22,14,-26,-5,-20,-1,-5,-22,-17,-18,-2,-22,24,13,-15,-13,-1,30,20,23,-16,17,-22,6
CSI_DATA,23811289037,-64,64,0,0,12,-18,-29,-1,13,28,12,-9,12,-18,23,-4,-7,12,-14,-14,-4,-27,15,-3,-27,-5,27,-15,19,-19,16,11,-12,-9,17,2,15,24,26,-15,12,19,-40,-9,-18,8,19,23,-8,-25,-20,-24,-20,22,-13,-6,-19,15,-21,7,-5,28,18,-18,-22,15,-19,-17,-16,-12,-28,-3,-18,10,11,17,-2,18,-24,-16,0,22,-21,9,22,0,23,0,18,-10,2,13,-17,14,-3,15,25,0,5,-16,19,-10,5,-17,23,-9,20,17,0,-18,-19,4,-6,-17,-1,-18,-27,-1,16,8,1,22,-19,20,16,-1,-21,-4,-2,17,21,-4
CSI_DATA,23811385335,-61,64,0,0,-25,5,17,-19,14,-8,-20,-19,-22,2,4,19,-23,-10,-25,7,-18,13,16,20,-22,-3,6,-15,-12,-14,0,14,-2,-22,-27,8,20,-11,-16,-4,15,-16,13,-4,27,-13,16,15,-8,-18,8,-15,5,-21,3,26,-26,3,15,27,-15,22,23,-10,-10,21,-19,13,-9,29,-12,-15,5,-21,1,27,0,11,12,21,13,25,7,-17,6,24,-20,-20,2,18,-19,-5,-5,19,-19,3,-20,-11,22,-6,12,19,10,-25,13,32,16,-11,-14,-16,-16,-4,13,-15,20,4,15,-11,-10,-3,-13,-11,-25,-1,15,25,24,-14,-19,11,1,17
CSI_DATA,23811489089,-65,64,0,0,7,5,12,8,30,1,14,-19,-19,-1,17,3,-19,9,-10,-28,20,23,5,-19,-23,3,-10,-23,12,21,10,21,7,-6,-4,3,-1,-14,2,23,12,-6,10,-17,-15,-7,18,-12,1,16,21,-21,22,2,0,-16,5,-24,-21,6,20,-5,-26,-3,16,18,26,6,-31,-12,-13,-9,-1,-21,23,17,4,14,-12,-13,19,-8,13,12,17,2,-20,2,-8,-22,-27,17,11,-15,-3,-22,27,-6,2,26,10,17,-4,-29,3,17,23,17,4,-10,-27,1,3,28,11,8,-13,-17,20,10,11,-8,25,-12,-11,17,-20,5,-16,4,-28,7
CSI_DATA,23811594006,-61,64,0,0,29,-1,20,11,8,17,14,-18,-3,-20,-6,11,-9,12,-21,-12,-21,14,19,-16,-1,30,-21,8,-13,-12,-2,-5,17,-7,-16,19,9,11,-23,-6,0,18,8,19,20,-26,-19,-2,17,-12,-24,-4,-5,-23,-17,-23,-19,22,16,-12,8,-7,-4,19,11,-6,2,-28,-12,-19,-18,-16,20,15,-5,14,-29,7,-29,0,18,23,21,9,8,-9,-4,-10,-10,14,-2,21,-10,26,-16,-7,-8,16,12,9,-5,15,15,-22,14,-16,-16,-6,-26,6,21,15,19,4,21,0,13,15,3,-18,21,-16,5,25,-4,-26,6,22,-22,2,20,4
CSI_DATA,23811698101,-62,64,0,0,-12,7,16,-19,-7,-18,6,20,20,-1,-12,-19,6,25,11,-29,-14,-14,11,17,17,15,-19,8,17,-8,18,28,21,1,-27,-7,-2,-27,-22,9,-14,24,22,-15,-21,13,11,-10,5,21,20,10,-11,25,20,-30,1,22,-24,-9,-11,-25,-5,19,-17,17,20,-12,0,-25,22,20,18,-9,-14,3,20,0,17,15,13,30,-24,-7,14,19,23,-18,13,32,-10,3,13,16,10,8,2,29,-10,-7,14,8,25,6,-5,-20,5,-23,-16,17,3,22,21,-10,-23,11,-12,9,24,-20,12,-18,-21,-13,-3,-16,9,-22,23,-2,0,20
CSI_DATA,23811800041,-65,64,0,0,6,-20,-5,14,3,-28,28,9,14,-4,23,26,-13,-7,-18,0,-22,-1,17,4,-19,11,10,21,20,0,-23,-6,-19,-15,-4,25,10,-14,-22,21,-7,22,-23,-7,-13,-17,4,24,8,-9,19,-25,20,-5,17,15,22,1,-12,16,20,-7,-10,-19,-10,26,-14,2,-4,18,-17,20,-25,6,9,24,-16,-17,23,8,-3,-17,-20,13,21,-1,-10,18,-16,-15,4,-22,-11,0,-4,28,-5,16,-9,23,-17,-1,-26,13,-5,-29,22,-19,16,11,19,-4,-2,-13,9,-19,-26,-3,-15,20,-2,24,8,-19,5,19,-15,-14,18,19,-11,21
CSI_DATA,23811898324,-63,64,0,0,5,-20,-11,-11,-17,4,0,-14,-18,-5,-20,-11,-24,-4,12,-17,21,10,18,-25,9,-22,-21,0,-25,-12,0,-16,21,-4,28,-2,20,-8,10,14,4,6,25,-8,-3,20,-14,-7,16,1,29,1,-4,-25,-13,20,-4,25,-17,-18,-6,18,-8,-17,-17,-20,-25,-20,11,19,12,0,4,-12,-30,5,-8,24,5,-15,-8,16,-10,8,1,-21,-12,-20,2,-22,-20,-14,-13,-5,-3,16,18,-4,27,-19,-8,25,-14,-16,17,8,2,-32,-12,13,-13,-8,-21,20,-12,16,-19,15,10,-16,20,3,-5,22,-12,-10,-16,3,-18,5,16,7
CSI_DATA,23811993631,-62,64,0,0,-12,0,17,-25,16,-16,1,15,22,-22,-2,-11,-18,6,-20,-6,23,0,21,-8,19,0,22,1,-12,17,6,-15,-21,14,15,8,7,5,24,-8,12,12,12,-15,-16,20,-4,16,7,22,8,-16,-6,-14,7,23,5,19,26,10,1,25,-15,12,17,-1,-23,22,1,-15,16,-13,4,-28,-21,-23,16,-19,3,29,-28,-13,-7,17,-6,-15,19,-3,-9,24,19,0,-19,19,9,22,-22,17,23,1,6,26,-1,30,-18,-12,15,17,-17,16,19,-3,10,11,19,-20,-6,21,21,7,9,26,-18,15,6,-29,6,-22,-12,-23,29,2
CSI_DATA,23812091037,-61,64,0,0,-6,27,11,20,20,20,-1,24,-27,0,30,-4,-9,9,-14,4,11,-20,-13,6,12,-12,-20,4,-18,-6,19,-4,-21,-3,-10,30,-20,-6,24,-4,15,0,-10,17,-19,-9,7,-30,-13,-6,-26,13,0,12,5,-26,-20,-2,-23,1,-24,0,-7,-20,-29,6,28,-8,-17,-19,-9,-11,-16,17,3,-21,9,12,24,0,-6,-4,3,-30,4,24,-4,-17,-12,-26,0,18,-17,6,27,12,5,21,-19,3,5,22,-8,-10,20,-24,23,-5,-18,11,14,-19,18,-17,21,5,22,5,-9,-26,-9,-7,-13,-11,-14,-21,11,-31,19,-13,-10,-9
CSI_DATA,23812188865,-59,64,0,0,13,-13,-18,-14,-20,-4,20,16,24,8,-5,24,14,14,8,15,-5,5,-10,29,15,-25,14,21,7,26,15,19,-9,-26,22,7,8,-25,-16,-19,17,-4,1,26,4,31,-27,-9,3,-17,-28,-4,-18,-1,-13,22,9,-22,3,-25,18,-13,3,20,-2,22,-1,-20,12,-11,5,-13,16,19,13,14,15,-21,14,22,14,-13,14,9,-8,18,-1,28,2,-20,26,1,-16,7,12,-24,-2,-11,17,17,6,-18,-15,-18,-4,16,5,-24,-24,15,-20,4,-10,-12,11,27,-7,11,11,14,22,5,-8,-15,17,11,18,-13,16,2,20,4
CSI_DATA,23812285805,-60,64,0,0,24,4,11,24,-18,5,-7,-13,5,16,8,-20,-23,-9,5,-25,-17,23,24,10,17,2,-24,-3,-4,-11,-2,11,-25,8,4,-23,4,-18,-24,9,-21,2,-5,-24,5,-11,-6,-23,13,14,8,-20,5,13,-13,9,-10,24,18,6,10,20,9,-24,30,-10,34,3,-13,-6,-16,-13,-5,-20,0,20,-13,26,20,-5,-11,15,-16,-6,24,-11,-13,20,1,24,-6,21,9,-24,28,0,1,16,-23,16,21,22,-14,-25,19,13,-11,-28,-16,7,-15,3,-11,-10,14,17,28,9,-28,-8,18,1,-12,20,-11,-17,-8,7,-5,-16,18,2
CSI_DATA,23812387206,-59,64,0,0,11,-19,23,5,-11,11,0,23,9,12,-14,-20,5,-28,-27,-13,-8,-8,-5,-32,-8,-19,-18,-16,-13,-22,-8,12,12,5,7,-25,-4,-12,18,-11,-25,4,17,21,-20,14,5,24,-26,2,-19,-13,-8,-19,-1,24,-18,9,29,-5,-25,-5,-20,5,25,-14,-10,17,17,-12,-19,-9,20,19,-17,-2,-2,-28,14,-23,1,21,29,1,2,30,2,-16,2,24,11,23,25,-6,9,20,-15,14,18,1,-21,9,5,-9,-30,-14,26,-13,-20,22,-9,21,-8,12,10,-16,6,-7,7,24,1,25,-1,20,7,-19,19,-4,-18,13,-22,8
CSI_DATA,23812486016,-60,64,0,0,26,-15,0,17,-4,23,-6,-20,-15,6,32,4,0,14,-18,-25,15,-19,27,7,9,-23,8,-22,-14,-17,11,-20,10,-12,8,-23,23,7,15,-5,0,-24,11,-12,2,11,1,-20,12,-21,-25,0,-20,6,3,23,15,-16,13,-5,24,-10,-19,-11,12,21,-8,-8,-13,6,11,-23,-16,20,4,17,13,-12,25,10,-2,-27,-6,12,20,-12,7,15,12,8,15,-5,-25,-6,5,24,26,8,12,-5,-9,-19,19,19,1,-15,20,-14,-15,-5,9,31,21,-5,-6,-10,23,-5,-9,-12,15,-7,-12,-12,-9,19,-5,14,-4,19,-22,-7
CSI_DATA,23812587761,-62,64,0,0,-4,-15,-20,-2,-14,-14,-18,6,10,10,-13,26,6,21,-6,-9,15,10,23,-11,14,21,24,9,16,8,-5,26,-2,-20,-14,-16,12,-24,28,1,-28,-3,-2,26,8,25,-6,21,-18,5,-10,12,14,-4,-21,0,19,10,-17,8,-15,15,6,18,23,-2,-15,-6,6,8,-16,8,-6,15,-4,20,-6,-13,1,-28,20,22,14,-21,8,-8,-20,10,10,23,11,20,-12,-30,-18,3,24,-8,-20,-17,0,-24,23,14,20,-10,-32,3,-5,-18,3,-9,-19,-1,-22,4,-7,-15,-23,-1,-1,20,5,-16,17,-6,7,20,-22,-20,12,5
CSI_DATA,23812689051,-63,64,0,0,-6,19,-22,-8,-9,-19,3,-21,-6,28,19,27,-20,-22,8,18,-28,10,11,-20,8,23,-5,22,23,2,27,-8,-18,-3,-15,-8,16,-11,-10,-29,-5,29,-17,12,-4,12,-16,6,-30,-1,16,-16,27,2,1,-19,8,-12,12,19,-24,9,9,15,13,-7,-7,-8,-7,18,-22,11,-17,-19,-8,-27,-11,-12,-15,14,9,-18,1,20,-28,-11,20,6,2,-23,-7,-14,-25,1,-23,-4,-9,-14,18,-5,-11,-11,-23,-9,-14,-11,-1,25,20,-15,-1,-12,-23,5,-5,15,17,2,9,-29,0,12,20,3,-22,-4,0,-23,-20,-4,-35,-6
CSI_DATA,23812786488,-59,64,0,0,3,-19,14,-2,-13,-21,-18,-16,-25,-1,-9,19,24,2,-17,9,-3,19,-2,24,-16,-3,-9,-24,22,19,16,-20,-10,-21,15,-3,-24,-7,17,22,2,-22,-18,-6,-7,-12,-16,15,-17,-14,-11,6,7,-16,-7,-23,22,2,-14,-3,16,22,12,-13,-17,1,8,18,9,-17,13,11,-2,-29,-4,-25,2,-25,-8,11,19,-1,21,-21,16,-2,-21,-5,21,3,23,6,20,19,-8,-33,23,-12,-9,30,-23,-3,-9,-13,-13,22,-11,11,16,16,22,-9,13,-11,20,0,-14,-17,23,-23,27,-5,18,-16,14,18,4,-23,-28,-9,-22,2
CSI_DATA,23812888109,-59,64,0,0,-22,-2,-15,14,-21,-11,-14,-11,-23,-4,-10,-13,-18,-20,-20,9,-5,-16,-2,14,11,-26,-20,10,28,-10,11,11,21,-23,26,-17,-12,29,-6,16,-16,-4,-20,-26,-15,15,-2,18,18,14,22,-18,-13,-18,17,17,14,-9,-22,-3,18,-7,10,15,-17,21,-28,12,19,-17,-33,-10,-15,-7,9,23,-5,20,-26,-9,4,-22,27,16,-3,29,21,-4,17,12,-2,-28,-4,18,-14,16,-20,-5,20,-14,-10,-1,2,-19,7,-15,22,20,-23,2,-22,13,17,-2,26,0,-11,34,-3,13,25,-4,21,5,-17,6,0,27,-15,18,17,12
CSI_DATA,23812983866,-59,64,0,0,12,12,7,18,16,-23,-22,0,13,13,25,-13,-12,13,23,-4,-15,-22,6,16,23,11,-12,15,2,-32,19,7,-12,17,-9,20,4,-8,-8,-15,6,-21,-5,17,-12,26,-11,-10,-6,23,12,33,-11,22,5,19,24,7,21,10,-7,18,18,12,-18,16,0,-12,-16,3,-23,-10,9,-19,22,-16,-1,-21,16,6,9,11,-16,-1,-9,9,14,-4,6,-24,-13,-9,-17,4,10,-11,-7,-28,-22,-7,17,-4,-16,5,17,-13,-17,6,-10,-10,1,-26,-7,31,19,-15,22,-8,12,13,25,12,10,11,5,-18,-14,14,-19,2,-21,5
CSI_DATA,23813087883,-62,64,0,0,-9,-23,2,14,-14,-20,-7,-19,-27,-6,-29,16,-20,-15,-1,10,4,-21,-1,25,-1,-21,8,-8,-4,-11,11,17,13,9,18,-15,27,-11,29,-3,-13,-15,-21,-9,-17,17,14,-18,-18,1,-17,-19,-8,14,24,15,-16,9,-22,20,-11,18,-9,-16,5,-20,-30,-8,-15,-3,0,-18,-8,-16,-3,15,-17,-9,-9,20,-16,-5,-8,14,1,23,22,-8,14,-11,-9,16,19,14,-7,-11,20,-3,8,-20,-6,29,16,-2,-6,24,14,20,-2,-19,10,19,-25,-1,2,-25,14,-8,16,-5,-14,7,-5,-19,20,14,-21,3,-7,-13,-4,-15
CSI_DATA,23813191960,-59,64,0,0,-19,9,17,9,-20,5,8,-21,22,-8,-15,-17,-7,26,-17,16,-11,-12,2,-12,-20,-2,7,17,-7,-12,-18,-1,-2,28,5,-20,18,1,26,15,-13,-25,-11,-8,1,-31,9,17,13,-13,-17,22,15,9,16,21,-1,25,20,-25,12,8,-6,14,-16,7,12,15,5,-19,-2,27,-12,20,11,-10,17,5,-23,-15,-15,-15,-14,-20,-27,-6,-11,-16,-8,22,-9,4,4,24,-2,7,-6,-16,-2,-21,14,-12,8,23,2,-20,19,26,16,-15,3,22,-22,-23,-22,-1,-21,-16,3,-13,19,-10,9,-6,-27,-6,27,-6,-12,-20,18,7
CSI_DATA,23813291606,-64,64,0,0,-7,20,-14,5,10,-22,-11,-15,-15,9,-6,9,10,21,-4,-20,21,13,-16,-8,10,7,-3,-19,8,16,-18,-17,0,18,-19,-1,9,15,-17,-14,16,-10,13,-19,-29,4,14,-15,-7,-22,0,-16,-16,-14,19,-14,-8,32,-4,-26,-15,7,10,-25,4,25,5,-22,-9,20,-8,17,19,17,-15,-2,-16,10,18,-15,-22,21,13,-1,-8,-9,13,12,19,7,24,14,-19,-8,24,-9,-20,-11,-13,-24,18,-18,-17,-8,23,1,13,25,18,-24,-20,-21,0,18,-11,9,-11,28,-7,-16,-4,-18,14,-14,13,-20,-21,5,-38,-4,21,-4
CSI_DATA,23813392468,-60,64,0,0,2,-14,18,14,17,-9,26,4,-16,12,16,10,4,-25,-7,16,-23,-7,-5,-19,-13,7,-8,-22,31,1,-6,-10,25,12,-24,2,22,3,-10,12,-3,17,13,0,-23,-7,7,7,-18,-12,-13,19,-15,13,-17,26,2,-22,-9,28,15,16,-12,12,-23,6,20,-29,-16,15,-25,-3,-23,-12,-5,2,21,19,3,17,10,-18,0,11,14,8,9,18,15,-14,20,20,17,-19,-22,-3,17,-20,15,-17,1,-24,12,13,16,-25,-13,-6,15,19,4,-17,10,-10,16,24,-14,14,-14,-18,25,0,19,-12,-4,-18,-24,-13,7,-26,14,-19
CSI_DATA,23813488536,-60,64,0,0,10,-17,14,20,-10,-8,-21,26,4,-24,-9,29,-28,3,1,-19,-10,21,-8,-15,14,1,5,-15,-9,-15,-4,21,25,-7,12,10,-18,19,-6,20,-19,12,24,-11,12,2,22,-8,22,-6,-2,30,20,-10,3,15,-21,-15,20,10,9,-17,-28,-12,-22,-17,13,-9,18,1,-12,-23,21,1,-9,1,-19,0,-10,-1,7,-25,-5,-27,4,29,18,2,18,-17,28,-3,-7,-18,-10,18,5,-15,12,15,-26,-4,-10,-20,0,25,16,-22,21,-6,-17,16,8,-26,-8,-21,9,-20,15,-10,-19,-7,-13,-17,-17,9,-18,-10,-21,-6,-11,-19
CSI_DATA,23813586124,-62,64,0,0,4,20,1,14,-18,3,-15,16,20,1,12,15,-8,16,-16,-17,-21,4,15,-4,0,-17,-13,-15,15,25,-1,-23,-21,5,-10,8,24,21,11,-21,5,24,-10,-9,11,19,27,-10,8,-26,-21,-12,4,18,-21,11,-10,23,24,-8,14,-15,14,-11,4,23,-22,16,3,-21,-3,-19,12,-14,3,-22,-21,7,14,0,-1,20,15,27,-18,-14,-20,19,-19,-13,20,10,-12,-10,-14,17,17,-1,17,-15,-26,-13,10,5,-8,19,-25,8,-24,-6,1,-22,23,-11,11,-4,-17,-16,-13,3,-7,-6,-19,-5,-8,-15,9,10,13,17,11,-25
CSI_DATA,23813682821,-62,64,0,0,-28,2,-4,20,16,3,6,-24,22,-18,-15,19,-22,-1,-16,-15,25,-4,-13,14,0,-23,17,12,-22,-4,5,28,-11,-17,13,19,-15,-7,-3,34,8,-13,19,4,-5,13,14,-2,-28,5,-7,-24,-8,10,19,-12,-6,-21,18,12,9,-24,-15,11,-6,16,-23,0,-3,17,-23,2,18,15,-24,-9,-11,11,-8,20,-5,-22,20,-10,-9,-21,-13,20,-5,16,-22,1,4,18,-22,6,0,-19,-23,-10,-20,-12,22,4,-2,-20,-17,24,7,-4,27,-7,8,-15,-5,19,17,4,13,-13,24,-1,-11,-8,-14,-16,-11,28,-2,-29,19,-24
CSI_DATA,23813783531,-59,64,0,0,-17,-1,18,-7,26,7,-8,-1,-7,15,-20,11,3,20,12,14,24,-15,-17,3,-15,26,22,-3,4,20,-16,-17,7,-14,-24,7,-8,12,-7,-22,6,-24,-10,11,1,-20,11,29,-2,-17,-3,18,-20,14,14,22,-17,13,15,-1,28,12,9,-28,-27,-12,22,15,-12,21,-13,15,-16,-22,8,7,24,17,12,-3,11,16,16,8,-19,-15,-6,-9,19,-22,24,-22,-14,8,-11,13,13,-20,-11,-15,22,-2,-17,-7,20,-17,4,-15,-7,8,19,-4,-2,-16,1,11,-20,-15,14,11,19,-15,-15,21,-21,-8,-9,32,2,-15,4,18
CSI_DATA,23813884798,-60,64,0,0,-27,1,-13,-1,-19,0,21,9,-3,24,-16,20,-10,-14,-3,-20,-4,28,0,20,-1,-22,3,-23,-11,16,4,29,-21,5,19,-8,-5,25,25,7,-21,-2,13,15,18,8,13,9,32,13,-8,19,28,0,15,7,-9,-12,14,-20,-21,-8,7,-18,10,-10,26,10,8,-12,21,-12,5,17,-22,-19,-22,4,10,-29,19,-9,12,-11,-9,9,8,13,11,-11,1,-23,20,-1,13,-11,-24,20,-7,-20,-20,-15,-19,16,-14,16,0,-22,-2,24,-10,2,-11,15,-5,-4,22,11,-18,-3,-18,-20,-6,7,16,-4,-1,17,19,3,11,-21
CSI_DATA,23813982886,-65,64,0,0,19,22,5,-27,-16,6,15,-1,-18,-23,25,-9,25,-14,12,-3,7,-24,-13,14,5,17,-13,15,4,26,-27,5,-4,-6,-9,-20,-15,15,-13,12,7,-18,9,-21,27,-6,5,-35,-2,-21,-26,-8,-11,23,-26,2,-10,-21,9,-25,27,-8,11,-15,0,-27,5,-21,-17,0,32,0,-12,-18,-18,10,24,-18,-11,17,-13,-3,-17,7,-20,10,-16,-23,0,15,-16,14,28,-3,-17,-15,13,19,9,-19,5,-13,-19,14,12,10,27,11,28,-11,-9,14,8,20,-13,-16,-21,-6,-8,20,30,-6,-4,25,11,23,15,-7,-26,31,-21,13
CSI_DATA,23814080661,-63,64,0,0,29,9,-5,23,10,-20,13,-11,-21,-4,-20,1,17,17,-27,-5,-6,19,10,28,14,8,1,29,17,-8,12,-15,18,6,14,-1,-7,-22,-11,-10,-3,30,22,-8,0,28,-11,-3,-12,-11,8,-30,14,21,-13,-27,28,-4,13,-1,6,25,22,-13,20,4,-16,-2,-12,9,-12,22,2,20,5,-18,16,-17,30,-9,-3,15,7,1,7,22,-15,20,20,12,30,5,7,-12,19,3,-11,25,-15,7,12,-17,-1,14,-12,-30,10,-23,16,-1,-4,-26,-11,-17,-5,22,-21,-5,-19,-6,-22,12,15,-4,17,-11,-17,-17,7,-20,-6,23
CSI_DATA,23814179938,-61,64,0,0,3,12,-19,17,-2,-26,-8,11,8,-20,-27,-4,-19,-14,-8,16,-6,-28,16,19,9,-32,-16,14,-9,-18,13,-25,22,9,15,-17,9,13,2,15,-23,18,13,21,-22,0,-24,-2,-17,21,23,13,-17,-20,22,-10,24,-13,-22,-15,27,2,-18,21,-16,-1,-4,17,-18,7,6,17,-7,-13,-14,-3,-30,6,17,11,8,17,-3,22,24,-3,18,14,4,-17,5,20,24,7,5,-12,-30,-9,3,-25,21,15,-8,-16,4,19,-1,18,-12,-24,12,-17,7,-30,-15,-8,15,17,9,28,25,-11,8,16,16,16,17,-9,-8,11,13,-14
CSI_DATA,23814282788,-61,64,0,0,-18,12,-9,-20,-10,-17,-9,-20,-13,10,15,10,-13,32,18,-9,-18,13,-16,20,-23,11,8,28,-21,-12,6,19,12,30,-19,21,29,6,3,23,-21,-20,-11,18,-12,-21,-14,22,-21,-15,-2,-18,-22,-4,13,14,-16,-13,15,-21,-19,10,-15,10,-13,5,17,-17,12,-15,-19,2,-19,10,14,16,-6,23,-4,27,29,-6,-18,23,0,-18,-6,-26,-18,-23,20,-8,6,-26,8,17,4,-26,-9,-27,0,-14,17,-1,12,3,-2,24,4,-18,13,19,-6,30,-14,5,21,2,24,5,15,-23,-4,-22,-25,-8,11,-13,-13,18,0,-20
CSI_DATA,23814384748,-65,64,0,0,25,-2,15,-15,21,-19,11,11,23,12,29,4,-18,-10,17,25,-25,3,15,15,-4,-24,-11,-19,6,-22,-33,3,-2,9,-21,1,1,29,-12,-18,3,18,-25,6,27,4,25,0,-17,4,-17,-11,20,-9,-2,-10,7,23,-15,-12,14,-10,-8,15,-16,4,17,-6,-3,-11,-11,27,11,-28,23,-2,-13,-17,14,-12,18,18,18,0,17,-12,-13,-22,-11,10,-10,12,-2,20,-21,-8,-13,-6,34,6,-20,-12,14,9,14,-6,-10,-13,14,-10,19,-5,10,-14,-1,-18,12,26,-23,8,-10,-14,-23,-21,21,-12,12,-6,-4,25,27,1
CSI_DATA,23814485425,-62,64,0,0,1,18,6,-33,23,13,-12,13,-19,-25,-11,13,1,-25,29,6,-26,2,0,22,13,8,-21,-12,-11,-16,3,25,20,0,-9,24,16,19,-18,9,-22,11,-17,-6,-14,-14,-5,18,-10,-25,12,-24,-16,-2,22,0,-12,7,-11,-16,-10,24,-25,14,12,-10,13,22,21,-15,-7,22,-1,28,-24,-15,-22,-5,17,12,-17,-16,-2,-22,4,-21,6,29,12,25,-11,28,22,3,7,23,26,-10,1,11,-26,7,25,2,7,-20,-26,14,-14,-4,9,-17,-15,14,-15,7,-5,-25,-9,-14,20,8,15,16,-27,-7,8,-22,7,-18,-26,-3
CSI_DATA,23814581207,-64,64,0,0,33,7,-11,-13,-8,19,21,-3,-4,-25,6,22,-17,12,22,7,-10,3,8,21,-13,21,-18,2,-11,-10,-17,-1,10,17,-25,6,0,-18,-20,-11,11,-22,3,-12,-20,-19,5,-20,-4,-21,0,-19,-9,-27,-17,-2,-6,-25,-12,10,13,-12,1,-20,-14,-14,-30,2,15,-10,-14,-14,8,21,-17,1,-18,15,17,29,11,-1,23,11,-2,25,0,12,-12,18,-24,2,13,-8,-5,-16,-23,-10,-16,20,12,14,-27,-23,13,7,-22,-5,-19,-5,8,-27,8,32,33,-5,-17,-7,-17,14,-15,12,24,-7,-13,-15,-21,9,3,26,-13,-24
CSI_DATA,23814677275,-61,64,0,0,-22,5,18,-16,1,-14,2,-19,24,-6,2,-22,9,21,12,-12,-6,-10,-5,18,15,19,2,-19,21,8,-10,-2,-24,-5,-16,22,-8,-19,11,14,-7,18,-24,-18,-12,-16,-17,18,4,-21,14,12,-13,-17,14,-19,9,16,14,10,8,22,18,12,19,-8,20,-18,5,-12,-15,12,-17,10,21,-12,9,-20,-8,10,-4,21,2,-24,17,12,-15,14,10,22,-18,17,20,-11,4,28,6,-12,-8,16,16,-13,13,26,2,20,2,-16,-29,-14,3,23,-31,3,-8,16,3,-19,3,20,-24,5,36,-6,16,-7,6,24,20,14,-10,-14
CSI_DATA,23814777593,-61,64,0,0,24,3,4,-21,-25,-6,9,-5,15,-10,10,-21,13,-23,-15,-11,-16,-5,-13,16,19,-5,-17,-3,25,-1,21,5,-26,3,2,15,22,20,-19,15,-18,16,23,2,15,-12,-14,10,7,20,0,-23,-21,4,-1,-12,8,-18,-12,-14,18,-17,-5,-29,-17,-11,3,25,-31,-2,-24,-5,-15,-8,-6,20,-7,24,23,-7,-1,28,16,2,-8,-11,-18,-20,-25,1,22,-7,-4,25,0,19,4,23,-8,19,-8,26,23,3,16,24,20,-2,-19,-15,-19,3,16,12,20,17,-4,-13,-13,19,-25,14,15,-6,-11,13,28,-4,16,-11,11,-5
CSI_DATA,23814878758,-60,64,0,0,-8,-16,0,24,25,4,14,23,29,-4,-22,-2,10,19,-18,11,-11,-17,12,14,4,-27,17,1,12,-6,15,12,2,-30,13,-15,0,17,3,-12,8,-19,18,-14,22,1,23,8,16,10,-18,7,2,19,-7,20,-9,14,-8,-21,22,10,6,23,-21,-9,-16,-14,-3,-14,20,0,-21,-12,14,15,-23,1,22,-16,-17,-20,-14,-21,10,21,-10,19,-14,16,-12,-21,27,-1,4,-30,-12,3,-13,16,8,-12,-1,-17,-2,-13,1,-10,23,-8,-14,-7,9,7,27,11,-4,-14,-8,11,-12,-19,-4,-26,-13,-17,0,21,-11,17,20,-9
CSI_DATA,23814978884,-60,64,0,0,-12,-16,-15,-9,-9,14,30,6,-19,-24,10,-28,-17,-17,22,12,-6,25,4,-22,-15,17,7,-22,-19,-7,18,-10,-9,9,-19,-16,19,19,-22,20,-14,-15,-21,6,18,8,26,2,25,-3,-7,-26,-15,-10,26,11,-21,4,25,14,4,-22,12,-25,22,-15,18,-21,15,15,11,-15,16,8,-24,14,-5,21,-23,-14,-5,-13,24,-11,22,3,-9,12,1,33,19,14,7,14,-9,10,14,-3,27,1,14,-23,13,-11,-3,28,-19,-2,-15,13,-10,18,-11,19,31,5,5,-23,-20,-4,24,2,20,0,4,5,3,-17,-20,-1,17,15
CSI_DATA,23815073935,-63,64,0,0,-7,-10,24,-6,10,-17,-20,9,16,9,2,12,-18,11,-11,-23,22,-7,-19,-21,18,-19,3,16,13,11,-21,9,-14,17,-8,26,-17,-11,-19,2,-2,-18,12,-8,-9,-22,25,-3,15,-18,-29,1,14,16,-13,-1,12,6,-2,-25,18,19,-3,-30,-15,17,-15,7,14,-19,-13,-28,12,-7,13,-27,18,2,17,12,20,5,-23,-5,27,-16,1,27,-23,-8,8,-10,1,-17,25,18,10,-15,9,23,-25,1,-7,24,9,-3,-16,5,-16,-19,-3,-18,7,23,4,22,-10,14,-19,-3,16,3,8,15,-11,18,-25,-10,-19,-19,10,-12
CSI_DATA,23815176126,-61,64,0,0,-1,20,29,-6,18,2,12,-11,8,-8,-21,-12,-6,21,-16,-4,7,18,-10,18,5,15,-17,-22,10,-18,-13,-22,-3,-19,-3,22,10,4,-18,24,-19,-6,-21,11,17,22,2,-24,11,18,-11,-8,26,-12,14,19,-21,-3,12,-7,-20,6,15,10,-23,-3,4,-14,-22,3,11,11,-19,-14,11,-19,13,-23,-11,-2,15,8,-25,-14,3,21,-22,22,5,24,-13,18,18,11,-6,22,19,5,-7,-20,-27,2,23,9,-15,20,5,15,3,21,-22,0,2,-25,15,17,25,4,22,1,-1,-18,-6,11,-22,-1,-24,5,-12,0,-22,11
CSI_DATA,23815276940,-64,64,0,0,-14,-18,-4,15,-20,18,-30,6,9,-8,9,-28,10,13,-16,16,-12,19,20,-12,-11,-14,-14,-20,-1,-14,1,23,-21,-8,7,9,28,-2,6,-23,5,20,15,3,8,-17,21,21,17,-5,-4,24,-4,23,-20,-3,7,-9,12,5,16,-19,-23,8,-20,12,-3,-24,25,-3,15,-8,-13,18,-5,-18,22,10,-3,-26,23,-13,24,11,-12,8,-13,-10,19,-10,-16,5,13,-19,31,1,-20,17,-14,-23,-7,17,-19,10,-20,-15,7,-14,13,-26,7,-25,-7,-21,-10,18,-14,21,19,9,9,15,-15,-19,21,13,-23,-15,-4,-23,22,-8
CSI_DATA,23815373577,-60,64,0,0,-18,4,27,-12,-13,-20,7,-21,-16,11,20,-2,3,-9,-21,19,21,-4,15,-7,-4,21,8,17,3,-25,8,19,23,15,-13,-2,-10,-9,8,-9,-2,-26,5,-31,13,5,1,14,11,-11,-23,9,18,-3,4,-15,24,19,19,-8,-25,21,-25,-10,19,2,-2,-26,2,-19,7,-24,10,-26,-20,10,-1,18,18,-8,-8,16,11,-13,32,11,-24,-15,10,24,-4,25,19,21,4,13,-21,10,16,9,14,-28,17,22,26,-27,22,13,-17,-14,-20,5,-8,5,-13,8,-18,-4,11,-12,-23,-21,-16,5,21,-13,21,19,-16,-7,0,18
CSI_DATA,23815472784,-63,64,0,0,-24,9,15,-18,15,-12,-7,19,23,-14,16,17,15,1,-9,-24,-18,-15,23,6,-3,-23,24,-4,-15,-23,-3,21,-11,-19,-3,23,-5,-19,15,9,8,2,13,5,17,12,3,28,21,-1,-15,-8,21,-17,16,-14,-17,15,6,-26,-14,-21,8,14,12,18,16,-5,-3,-22,10,-28,-19,-4,10,-17,21,-9,-8,-28,-2,-18,-2,-15,2,-8,-10,7,19,2,-24,-1,21,14,-13,16,15,-17,23,11,11,15,-17,-11,15,-20,-10,13,-11,24,-11,20,20,-2,19,-24,2,-21,-20,-2,-7,13,-11,11,19,19,22,1,-11,24,-10,18
CSI_DATA,23815576881,-64,64,0,0,-15,3,23,15,-28,-7,-28,-9,11,-9,15,-15,-8,-2,5,-25,17,-14,-17,-9,15,10,-21,9,8,-22,5,16,-8,-22,3,7,-4,-24,-22,2,-6,-20,13,0,21,-3,6,-15,-15,-1,9,-20,5,-21,16,16,-20,-8,-20,-19,-23,1,-18,11,3,-26,15,2,18,-6,-24,10,-16,8,14,16,-20,15,2,-28,-24,-1,-2,-21,16,9,-24,15,-9,13,-21,-7,22,-21,-19,1,-8,14,-14,-6,-19,5,28,4,16,-13,-8,-23,18,-25,-21,-19,19,-26,5,11,-23,21,-28,-8,25,-5,-2,18,24,-9,-16,-12,-1,-13,-24,-20
CSI_DATA,23815672709,-65,64,0,0,16,-2,11,-9,9,24,-27,4,17,-6,17,15,28,3,11,14,20,-17,-14,22,-13,11,22,14,14,-24,4,21,-8,28,16,-1,2,-22,24,11,10,-20,-4,-22,4,19,-14,22,-24,-11,-14,2,-11,13,-11,10,-7,-20,-25,-11,-19,-13,22,-12,21,-11,-24,-1,5,-12,17,-1,-15,19,-17,-2,21,-15,-6,-17,-22,-15,0,-24,15,-12,17,25,2,29,22,5,31,5,-8,-17,22,0,-19,-6,24,-17,-15,-18,23,1,-18,19,14,-9,15,-22,-1,-14,3,-17,2,20,-4,21,2,21,-6,-18,-14,5,-4,17,-21,8,-17,7
CSI_DATA,23815774793,-64,64,0,0,4,26,15,-18,-11,-22,-16,18,19,2,-19,15,-23,-11,12,-8,5,14,25,4,7,-13,6,-16,31,-2,-7,-9,17,10,-28,0,13,22,22,-2,-17,14,24,8,-5,21,-20,-3,-23,7,6,-1,22,12,22,3,14,2,20,12,-1,22,0,-17,4,15,-16,-9,15,-14,3,19,-4,-17,-11,20,-17,-6,-9,8,0,-27,23,2,-29,9,29,-1,-8,-11,5,21,1,-12,8,29,12,-20,8,15,20,-6,10,16,14,5,-20,-17,-20,13,3,18,-11,4,11,21,-4,20,19,-14,2,-14,10,-1,-25,4,-20,3,-26,-9,-11,25
CSI_DATA,23815879751,-62,64,0,0,-6,-8,11,13,-22,19,12,-8,-9,-28,26,8,-19,-23,14,-8,-3,-21,-23,9,-6,24,-9,-17,5,-15,-20,-18,-13,-25,-10,-16,-5,27,-20,2,-8,22,4,-23,4,-17,24,18,27,15,-21,4,27,-2,-26,6,7,-29,-13,17,-18,-10,9,-13,7,14,15,18,-13,6,-1,26,18,-13,18,-19,21,14,4,-33,-16,17,-5,11,-8,-14,-27,-6,14,20,6,-10,0,-34,6,22,22,0,-5,-24,11,-20,22,6,-30,-1,-24,-8,12,20,-14,-8,21,7,-2,18,35,-9,-20,0,-1,15,-18,-2,13,12,17,-11,1,-8,-24,-6
CSI_DATA,23815980303,-61,64,0,0,-25,9,24,6,13,21,23,-10,22,17,-24,4,-7,15,7,-9,-11,-14,-5,14,12,-11,16,25,-12,-11,-18,5,-3,34,21,-8,23,-4,-8,16,19,-6,-9,14,14,-17,11,-15,-19,-8,35,-12,-23,-5,11,19,-12,-23,14,-20,-20,6,13,-14,-13,-13,-13,-18,-24,2,-14,-19,-18,-7,-11,23,17,-9,29,-6,19,11,-6,-14,14,29,7,-20,15,13,-15,-19,-3,-17,-16,-8,9,17,7,-26,-24,3,27,12,0,16,11,-9,-1,28,-21,10,-4,19,19,5,10,-14,11,-21,-5,18,12,-26,16,14,-21,8,27,-17,-9,23
CSI_DATA,23816083620,-64,64,0,0,-8,-2,8,-16,10,18,15,-13,-11,-24,-18,10,6,-8,-14,15,13,-11,16,-1,-6,-19,-17,18,13,11,11,31,-4,-18,-18,3,13,5,-12,18,-15,16,-18,-13,-17,15,7,15,13,-7,16,9,8,-19,29,-9,5,-8,-14,10,4,16,16,15,10,-14,9,-12,20,8,14,-19,-21,-11,17,-23,-1,22,-6,-23,-4,25,-16,8,18,13,-6,-22,0,-11,-18,5,14,-7,-12,-15,-6,-19,21,7,-25,6,21,2,15,18,14,-4,18,-3,0,-21,-12,-22,13,-27,-9,34,-22,7,13,-22,0,18,18,-11,6,-21,-8,-20,-5,-11
CSI_DATA,23816182636,-65,64,0,0,-25,4,-4,-22,-22,-3,-10,22,16,16,-17,2,6,31,-35,9,-6,11,-25,-9,9,18,16,6,-23,3,17,-11,4,-14,-12,-17,11,-15,7,-24,19,4,7,20,16,14,19,-2,21,6,-16,-3,-16,-4,23,-17,8,17,0,-18,-28,8,-13,3,-19,-5,-21,-9,18,-19,-14,-18,-27,-10,-17,-13,17,21,12,-11,19,8,-17,10,-15,-11,-26,-14,-3,21,15,-27,17,4,6,-12,-18,2,-19,11,-24,-10,-11,19,-18,-13,2,-19,-7,18,20,-4,-6,25,22,9,3,29,-3,-22,-18,-8,-22,10,20,-1,10,10,14,-4,-15,3
CSI_DATA,23816283532,-61,64,0,0,-21,0,-9,-20,17,12,12,-15,-19,-8,-7,-11,6,17,-1,-26,23,9,9,7,17,20,11,-15,28,13,12,15,14,-8,21,12,-12,10,9,24,11,-25,-6,24,30,9,-18,18,8,-13,-2,-23,-21,12,14,-12,11,-11,14,-8,12,-18,-19,-18,11,-11,-17,20,-7,-34,20,23,-29,-7,-25,10,6,-23,18,-4,-10,17,21,1,17,9,9,-19,-16,16,16,-29,-3,-26,20,11,11,-27,-6,14,-14,-18,7,21,-11,-15,-13,12,11,-27,9,17,8,21,-11,-11,-10,24,5,-20,17,-19,-17,-14,6,-27,5,10,7,-19,-15,17
CSI_DATA,23816388000,-60,64,0,0,15,18,12,10,-20,10,-18,9,22,5,-16,-11,25,9,-5,-25,-4,12,-25,-5,13,-11,23,6,-18,-15,16,-14,10,25,20,-7,11,-20,15,27,-21,21,-15,-1,20,7,11,-27,-15,-15,-12,-27,-6,26,-22,13,3,13,-27,-6,-14,20,13,-24,16,-23,-6,23,-17,4,-22,9,-21,13,-17,15,-5,22,11,24,-16,-11,23,-14,-23,2,-22,-8,-17,11,19,10,-6,14,-8,22,-10,-20,7,24,-6,-8,-15,-22,16,15,18,1,17,-15,1,-20,-14,21,-31,-1,-17,13,-23,-15,2,-22,-8,-22,27,-8,16,6,1,-20,-21,9
CSI_DATA,23816486758,-63,64,0,0,6,12,12,-16,-21,14,8,11,2,21,1,19,9,-13,-7,6,13,21,5,-24,5,20,6,-21,-16,-12,-16,1,19,21,-22,13,-8,-23,16,2,13,-14,-16,-15,5,-22,0,22,-18,1,-6,22,-2,14,10,-28,25,4,-9,-16,20,-1,-4,-19,-17,-4,-15,-21,-25,-7,-14,-19,-12,-14,-19,-6,-30,10,11,12,-2,-22,22,2,0,21,14,-2,13,-12,16,-19,-16,10,-4,-14,-3,-21,15,12,-4,19,23,-8,-12,-25,2,-23,2,-11,-21,-4,6,21,14,-25,-10,-15,19,-5,-16,29,-16,-8,-22,4,-12,-13,24,0,-20,-10
CSI_DATA,23816583595,-65,64,0,0,16,6,14,-6,19,16,11,9,-2,-17,-1,18,-24,11,24,2,-18,-12,24,6,-9,14,11,18,7,19,-12,5,11,-6,-7,-19,-16,13,6,-11,1,17,-21,-25,15,24,18,0,19,-6,25,3,14,-23,-1,-18,-13,-20,13,-1,-2,19,-11,-12,-22,-1,-7,15,-18,-26,-6,-32,24,11,-2,-19,11,7,23,-1,21,-13,-2,31,-24,-6,-5,-31,-5,17,23,-7,-9,-22,15,11,-15,-13,24,-1,6,-19,-9,-20,-16,8,0,-24,-23,-11,-23,4,28,-2,4,-14,-11,2,14,10,-25,7,-8,8,23,-13,25,-10,19,-15,-23,14
CSI_DATA,23816684309,-60,64,0,0,6,14,-5,-28,11,-15,12,-9,16,-5,12,22,-22,-3,11,-22,-28,-21,37,-4,25,4,18,-12,6,16,15,7,12,19,17,-5,9,-13,-29,10,0,-14,-22,1,-17,-4,6,-22,16,14,-8,22,4,-15,6,27,-5,-27,1,-15,-20,-11,10,-8,-17,5,-8,-17,13,18,23,26,19,4,12,-19,-7,20,3,18,4,21,-6,26,13,19,25,8,27,1,-17,10,-3,-22,-16,-17,7,-22,-2,-18,-10,-8,-16,-9,11,26,14,-9,-16,-12,-23,13,-27,19,-19,15,26,7,23,13,19,7,-11,22,17,-13,-7,-26,-21,-26,-25,4
CSI_DATA,23816787478,-64,64,0,0,1,-17,-24,-5,-23,3,-17,-2,-7,-23,16,11,-18,-18,-6,14,-9,-18,-19,7,20,12,-14,10,-1,-17,-13,1,14,11,5,-23,4,-19,-15,-15,-5,-19,11,31,-24,-15,10,18,-11,21,18,-13,6,-20,11,-18,-4,-37,-17,-4,20,14,2,-25,-6,-24,16,-4,-18,16,-17,17,21,4,23,-6,-1,-11,3,14,-14,12,3,4,24,-12,-1,16,-17,17,-5,26,-1,24,-11,16,-10,18,0,-21,-20,16,-7,7,12,-22,-2,-17,12,-4,-23,2,28,-4,14,6,-20,5,-1,6,12,24,-13,10,20,1,-13,14,-26,14,-17,7
CSI_DATA,23816891869,-59,64,0,0,21,-4,3,-24,20,-3,11,13,1,-26,9,-24,22,5,2,-20,25,-4,-9,-6,10,7,-16,3,30,7,21,1,19,7,22,0,-18,-14,-23,16,4,-26,5,20,-14,-13,26,-3,18,14,-4,-26,-11,22,4,15,2,16,0,14,24,-5,20,-8,27,-10,-3,26,3,22,-6,-13,6,18,-16,19,-5,19,1,22,22,-10,7,24,27,12,-13,11,12,12,23,-12,-5,27,18,14,21,21,-23,-2,-23,12,6,14,18,6,18,14,19,14,21,22,-29,-8,-13,22,-13,18,24,6,12,-13,24,5,-9,-18,9,19,8,-13,-22,15
CSI_DATA,23816992229,-61,64,0,0,-20,18,15,2,17,15,-20,13,18,2,-12,-26,21,6,-15,17,-20,6,-25,2,17,0,-17,7,8,23,-12,-17,-10,-22,20,-16,-7,-15,-26,6,-7,16,-21,-7,-8,-17,14,-13,14,0,-20,-3,-21,10,-20,-7,28,6,-19,9,-24,1,-14,1,-17,4,19,7,11,-19,-13,-14,-10,32,22,7,27,8,21,-15,-14,29,29,-14,4,-25,16,15,28,16,18,8,-23,15,-20,-18,24,-15,9,23,25,1,-8,-15,-18,21,-21,0,11,-17,15,23,7,-10,-20,-16,4,-23,-22,-2,-8,17,9,24,-26,3,9,16,-21,-8,18,21
CSI_DATA,23817093954,-62,64,0,0,-20,-11,6,17,15,34,15,14,-9,16,-17,-3,16,16,29,14,11,-24,18,19,-3,14,-15,1,21,17,8,-26,12,0,-19,-15,-15,-9,-12,29,22,7,6,-25,20,-13,26,-12,-15,9,19,-23,-27,1,-11,8,-5,15,-10,-11,12,-14,14,-16,-20,-16,-4,-31,-6,-14,-17,-14,21,12,21,-12,-11,23,14,21,-9,-26,-24,-15,-22,6,-16,11,15,-25,-14,-11,1,-18,-2,19,-27,12,19,-8,-27,2,10,-17,-11,-11,-1,20,24,3,10,3,-1,18,22,-6,-9,-24,-13,-22,-20,10,-14,22,25,12,8,29,4,-26,-7,-20
CSI_DATA,23817196158,-59,64,0,0,0,21,21,-19,-20,20,-3,-27,-10,-6,-13,4,13,0,12,16,-24,5,-29,-11,-6,21,-11,-21,-22,16,6,16,9,10,-5,-17,-2,31,16,-6,16,-22,11,-8,24,-11,3,26,18,-7,-33,-5,6,19,16,-21,-9,-19,-14,-6,30,-15,18,-15,14,-16,-5,-20,22,-11,14,-4,-15,-9,-17,-10,19,15,-24,2,6,15,28,3,16,-14,-21,-10,13,11,3,-21,22,10,23,4,17,9,16,-10,-29,12,10,-24,-18,14,21,7,-19,-27,12,12,-20,-17,15,20,-24,1,7,20,12,20,21,-19,9,-25,-25,-11,-4,-23,-7,-20
CSI_DATA,23817295933,-64,64,0,0,-9,16,23,-6,-10,-23,-18,7,-19,16,-20,12,-8,-13,-12,-28,5,20,-22,-11,-4,-18,21,-4,8,18,17,-9,-11,-9,22,7,22,-11,25,-8,22,-11,15,1,26,15,-7,5,12,-22,-18,3,-1,-24,-15,-20,-20,-1,-2,-17,-11,-20,-1,-15,-15,13,-11,7,25,6,5,-10,16,5,-13,11,13,12,-10,-24,-21,-18,-9,-24,22,9,-6,16,20,1,15,-12,-16,14,14,-19,10,-20,-11,1,-8,15,-20,12,15,-2,-2,28,-16,20,1,-21,-6,10,20,9,-17,11,25,4,-17,-9,23,17,-28,-10,-9,24,18,-3,-2,12
CSI_DATA,23817398417,-62,64,0,0,16,-4,4,-7,-20,-19,-21,8,-17,-9,-12,-10,-15,19,-3,34,21,-12,27,7,-24,12,20,-13,-13,-21,4,-21,15,2,25,15,25,2,-23,14,-19,4,2,24,-24,-7,21,1,19,-4,2,14,0,27,-18,-18,-11,-17,21,-13,-18,12,23,5,15,-26,12,10,3,-30,17,-17,-15,-9,-2,-27,0,-15,2,-27,7,20,-28,-7,21,1,-18,24,31,-12,8,22,7,-19,-14,24,4,-21,-3,18,24,-1,18,3,18,3,-16,-25,-24,0,-27,-2,16,-7,16,2,15,-20,18,10,3,14,-24,-14,28,15,8,20,2,19,17,-5
CSI_DATA,23817493972,-64,64,0,0,9,-23,13,19,13,10,-14,-14,22,7,16,-17,-21,-12,-20,1,2,19,-6,11,-12,18,-23,11,-15,10,-22,3,-14,19,-21,-9,-23,9,-3,-28,5,12,-8,-19,-32,0,2,20,0,14,7,-22,28,-9,-27,-23,12,-19,-7,-10,22,0,-2,-19,-12,15,16,4,-8,-20,-13,-16,14,-11,8,-25,-16,8,22,4,6,-17,5,16,1,24,1,28,-21,-2,5,-26,22,12,12,8,-9,-26,-10,-20,11,14,-25,5,4,-17,-15,-19,-13,14,10,-12,-19,-5,-15,-26,25,8,0,-29,15,-11,9,19,23,5,1,14,26,18,12,-9
CSI_DATA,23817594737,-59,64,0,0,-18,-12,2,22,-4,-18,-17,0,-8,22,6,21,-5,-23,-3,18,-17,-14,10,-2,10,-12,15,-11,-8,-23,13,-23,-15,-14,15,-1,1,23,9,-16,-15,4,12,27,5,14,20,-12,-15,-5,16,-8,15,14,-1,-20,-14,-15,-11,8,22,13,-13,15,-6,10,-23,-3,-20,-7,-24,9,-17,9,-23,13,-5,-16,-27,8,-6,22,10,-9,-8,25,-25,-3,-7,9,13,-27,-3,30,-20,12,-25,18,11,15,-22,16,15,13,29,5,12,13,-20,-4,-21,-8,-7,-14,20,21,-16,-13,4,14,5,-23,0,22,12,-25,13,7,-15,-20,-10,-19
CSI_DATA,23817690443,-60,64,0,0,-17,17,-13,-11,18,-20,21,6,4,-20,3,-14,29,-2,14,-22,-10,11,-21,-10,15,-6,11,12,8,27,12,-23,-15,-7,-14,14,12,-14,26,5,10,-21,5,-11,16,23,-18,17,28,-15,15,-8,13,7,20,-2,-3,20,-9,-18,18,0,13,-32,-7,-18,24,-5,-16,-1,23,0,-12,26,-9,20,23,-20,22,11,-16,-25,-15,-9,-11,-24,-14,-21,-19,-13,-25,-5,18,6,-8,19,10,18,20,10,24,-14,-25,2,5,-15,-18,-5,-14,-19,8,-19,-1,-25,21,-10,17,13,23,14,11,-26,13,22,26,14,6,11,13,14,16,-9
CSI_DATA,23817787508,-59,64,0,0,10,-11,9,11,6,9,-18,2,-12,13,-18,18,-18,26,6,20,22,-12,-13,-16,16,-17,-18,-6,6,15,-21,17,2,17,0,31,3,20,18,-2,-10,16,16,13,-29,10,-25,12,16,-8,9,13,13,-7,-26,-9,-15,19,29,1,27,4,12,22,13,27,1,-10,15,-19,4,-27,0,18,-3,-17,12,23,-5,20,-21,2,8,-13,-22,21,-6,-24,9,20,-10,19,14,-9,-14,21,-20,-24,19,-18,-18,8,1,20,-13,-17,14,16,-5,21,-4,-16,20,-17,-1,24,-8,-23,20,-13,-6,-23,4,16,-10,-13,-14,10,5,-17,-2,-21
CSI_DATA,23817888619,-65,64,0,0,0,-18,-6,-15,21,11,4,13,-3,-19,-18,-24,10,12,28,-11,-3,-19,-32,1,22,-20,-19,-13,-21,15,18,19,-4,-17,-21,12,-13,12,22,1,22,1,14,23,-21,2,4,-13,14,-23,-27,19,-14,-1,-21,-4,-11,15,1,18,24,-1,-16,1,5,-16,-19,-14,22,8,14,-21,-16,-2,7,20,2,25,-14,13,1,12,7,-11,4,26,-20,4,-25,8,-9,-15,-9,-16,-17,-11,8,14,22,12,-5,-22,31,1,-9,-14,-3,-17,20,17,11,-27,5,20,-17,-16,-16,4,-11,16,-13,1,-16,18,-14,10,21,22,-15,5,20,6
CSI_DATA,23817986896,-65,64,0,0,-30,7,3,27,11,-3,20,0,24,-7,-14,-9,12,-16,-22,6,-11,12,22,17,27,6,-3,19,-4,-11,12,13,-11,-21,4,21,-13,-2,-2,19,12,15,-26,-9,17,0,24,-7,19,-3,-20,-6,-22,9,-28,-5,-19,-14,-24,13,10,-18,1,-26,6,8,-25,-4,-25,-9,-17,10,-1,17,-17,-27,12,-3,-10,-24,14,-15,-10,22,11,-15,-21,-12,17,-8,15,-23,-1,-27,-6,-20,18,-17,-1,-21,2,-23,-17,3,13,-18,2,-27,-5,13,-3,25,12,26,-27,0,0,22,-8,-18,26,4,-18,-21,21,25,17,-25,9,-16,-14,5
CSI_DATA,23818084944,-60,64,0,0,-4,17,-20,-10,22,0,11,-22,-19,-14,6,16,0,34,20,9,-17,12,11,-12,5,-23,-8,-15,-11,20,-10,-13,-3,-19,6,-20,-23,-15,-6,-25,24,-3,10,15,20,7,5,-12,9,18,26,-18,-10,9,13,-19,20,-4,18,-6,10,0,11,-10,-24,1,22,7,4,23,4,28,-9,3,-8,-16,26,16,16,-26,-11,12,-25,-12,-17,-19,-19,14,-13,18,11,-26,-16,9,18,-16,-16,8,8,10,25,-9,-24,14,0,13,-17,0,-3,20,-5,-22,12,15,22,-15,-5,22,9,24,12,-11,-15,-14,11,-7,-12,27,11,-8,9,-24
CSI_DATA,23818180536,-59,64,0,0,-1,19,-13,-9,2,18,-24,-5,-18,-1,27,0,8,-11,10,-9,20,6,23,3,-7,-25,-19,12,4,-22,-9,17,1,-24,22,-3,10,16,25,-8,25,-1,15,16,20,12,-6,24,-13,-9,15,-12,25,10,0,-17,1,-24,-17,8,0,-18,21,-9,-12,-10,11,-2,-21,13,-10,-22,20,2,-18,-20,16,3,-27,-4,-24,-10,-20,17,22,20,24,11,-21,1,-12,-1,24,13,-22,-8,-17,8,-8,-15,2,-11,-20,13,6,-20,-17,2,-26,-11,-26,6,15,-6,3,-31,-12,-30,-13,25,9,-16,-4,27,6,23,-8,-13,-8,-16,-11,-17
CSI_DATA,23818276366,-60,64,0,0,-2,26,-17,17,-8,-17,15,-8,21,2,-16,-6,2,34,-4,-14,-2,-17,-10,3,4,20,-8,22,17,-9,-2,25,3,-14,19,-27,-9,29,-22,-6,-10,20,22,9,17,14,20,5,5,14,3,20,3,19,23,9,23,-2,3,-12,-14,20,-7,-23,-11,-17,1,22,2,-28,12,-17,21,-21,23,-8,-16,-14,-11,-1,-18,-24,16,10,21,0,-1,27,-19,-6,-7,-13,-1,15,-20,11,2,17,20,-17,-11,-20,23,7,14,19,9,-16,-11,19,26,7,-13,-5,-19,-2,18,-10,15,18,1,15,25,-2,5,-19,7,-24,-3,20,17,15
CSI_DATA,23818372567,-64,64,0,0,-22,27,-5,18,-18,-7,19,16,-29,-14,12,22,-8,-32,5,-20,7,15,0,-12,-17,-1,12,11,-12,15,-20,15,18,9,-23,11,-16,16,-21,13,-10,-22,-18,22,13,16,9,15,21,11,-7,-14,21,-9,-7,-21,9,-16,-11,-19,-24,4,-21,-2,24,19,-15,2,-23,-9,24,2,-9,-27,-17,11,8,-15,17,7,-25,-9,-2,26,18,-5,-25,-5,-17,-6,0,26,15,-1,11,-6,-28,-12,-8,-21,-21,-2,20,17,22,-10,17,8,25,9,3,17,-20,-3,-18,1,12,-12,-26,3,10,4,15,-16,-6,29,-1,20,9,-8,5,-15
CSI_DATA,23818474378,-60,64,0,0,-4,23,22,13,8,-21,-20,-11,-18,-20,21,-5,-13,-21,21,2,-26,0,22,6,-18,23,20,15,-21,8,18,14,-6,17,-7,-25,-4,-8,-7,34,-19,-3,6,-28,17,-7,-13,1,29,-4,14,21,-1,18,-34,2,-14,-16,22,-4,-18,-20,30,-14,17,-3,-23,0,-4,25,15,16,-24,-22,29,3,-17,-19,-13,-10,21,14,-14,2,7,-17,9,-28,18,-28,10,14,10,-27,-31,-2,-11,5,19,-11,-21,-17,-12,18,-19,-3,14,2,9,-21,22,-3,11,-19,-8,-19,-23,6,13,0,-20,-8,-22,6,-10,-14,-3,-9,18,-20,10,19
CSI_DATA,23818577857,-59,64,0,0,-16,-22,-10,-11,-23,0,20,5,13,4,8,-28,14,0,-18,-5,20,-5,-14,-18,-18,5,-15,-3,-20,-1,-11,12,-5,-13,16,15,27,3,22,-15,-24,-6,10,14,8,-16,-25,2,7,-26,-5,18,16,-16,20,-18,25,8,-6,-16,-27,-6,14,20,8,28,-3,-18,1,-29,28,-15,12,11,-12,24,-3,-18,7,-19,-21,-9,-12,17,-30,12,14,-13,-6,29,10,-23,-12,24,-22,-5,-14,15,12,23,-22,3,5,-31,18,-8,-4,21,-18,-9,12,23,-13,19,30,6,9,-19,-11,-13,12,-2,6,-18,-1,-22,-2,24,19,-3,-18,7
CSI_DATA,23818677081,-62,64,0,0,6,-26,18,-18,-15,-9,-16,10,18,-11,-24,-7,16,-13,-20,5,4,13,9,-22,-1,12,-9,17,17,-4,7,16,-19,-14,9,12,-5,13,-22,12,-17,18,13,-6,7,-24,10,-14,-6,14,13,19,4,14,4,21,14,-1,17,10,-20,-15,7,-13,-30,11,5,21,-13,-29,11,-14,9,14,-5,-36,-6,21,1,-17,-24,0,-23,-6,9,-17,-23,14,-11,12,-13,15,-10,11,-4,25,21,2,-6,22,-8,-21,12,5,-13,-9,-5,-20,13,26,-15,13,0,-15,-12,3,14,-7,0,25,20,-11,-18,10,26,9,17,4,-18,-17,-15,26
CSI_DATA,23818778670,-60,64,0,0,20,15,-8,-18,18,12,-20,1,-12,22,7,20,-3,16,20,17,8,21,3,-17,-18,21,-6,-14,13,-18,17,1,7,18,22,10,20,5,-21,11,7,16,-5,-16,-11,23,16,21,14,-8,16,-8,-25,-15,-22,17,-16,1,18,10,12,-1,-18,10,-11,6,-10,-20,-18,11,-4,14,-22,10,20,-13,1,14,17,-10,14,-3,-17,23,-1,-22,-23,-18,-15,-6,19,19,-22,-2,19,0,-12,15,23,24,-11,-17,-18,0,-22,0,21,13,-16,-17,2,-15,14,18,-16,-14,-18,5,-6,-17,-12,2,23,-20,10,-7,-12,-15,-14,-15,-16,-5
CSI_DATA,23818883218,-60,64,0,0,-6,12,-15,0,-8,-13,10,-8,-1,-28,-25,-6,9,-22,-25,-2,-2,23,-15,16,-12,8,13,-10,-22,-18,22,0,2,-15,20,-22,-2,-13,14,9,-16,9,23,8,1,18,-30,2,-4,-22,-19,16,1,-24,-16,-16,9,-12,-34,2,-16,15,-18,5,-3,11,-9,10,18,7,15,23,-10,20,-4,28,-18,16,24,-11,-19,-17,26,8,24,23,6,14,11,20,4,-23,-3,-17,-33,-4,-23,-2,20,19,-20,-12,-15,16,-21,-11,-18,-8,-12,13,-4,-24,22,1,9,-26,13,-12,-12,-17,-21,-2,-2,-24,3,18,-11,4,21,-13,-10,-8
CSI_DATA,23818983753,-59,64,0,0,-10,-16,22,-15,-16,23,11,17,0,16,-22,-8,8,-21,-16,-12,-9,-13,0,-7,27,10,-13,-12,-2,20,10,-22,8,9,-17,-2,24,-2,-6,-14,34,4,-17,8,12,-25,18,-18,1,-16,17,11,-23,-16,21,-21,6,27,10,-10,9,-19,-20,-5,-8,21,12,23,15,21,-5,-23,10,-9,-21,20,-18,2,6,-13,28,4,-7,34,-17,-18,-3,25,-11,22,-16,-12,9,14,16,-9,-22,12,12,-27,0,-21,-4,-20,8,-10,-6,21,26,3,5,10,-19,-9,-20,10,18,7,1,-11,-13,-16,-22,-12,-18,-4,6,-18,-6,-21,-6,-15
CSI_DATA,23819085109,-61,64,0,0,2,19,-22,-5,-8,-15,15,-19,-16,13,-24,11,29,-4,-18,-10,-16,-5,-6,15,22,16,25,5,-20,-12,19,12,-14,-19,18,-3,-3,-27,0,-19,-10,-19,11,22,-3,19,10,-18,10,23,-1,-16,-15,10,-14,-15,10,7,5,-18,-12,-17,18,-13,-8,18,-6,18,10,-22,10,3,-12,26,-7,-26,-6,21,-16,-1,15,-10,-19,2,13,14,9,11,-21,13,-11,18,24,18,-18,13,-12,-20,1,-25,20,12,-28,15,-3,-22,-36,-14,10,15,-18,-9,14,-12,-17,4,18,-10,-27,10,-10,19,-7,17,6,-17,-14,12,17,22,20,14
CSI_DATA,23819188613,-61,64,0,0,-20,14,11,18,6,16,18,7,-2,-20,-9,-20,7,22,3,15,-6,-22,-8,-21,5,-17,24,-1,21,-8,-10,29,16,5,-28,-3,-4,10,23,6,-1,13,11,-21,3,24,10,18,-4,-16,11,22,12,26,3,-22,-3,32,27,-10,11,15,-4,17,-13,-2,11,10,17,-4,-2,16,3,13,-8,-16,20,6,-19,-7,-19,-10,-22,15,2,-17,-8,15,-3,14,-20,3,-14,-17,11,17,-10,14,8,28,-23,6,-4,-23,17,10,26,13,-7,-17,-15,18,12,-18,-15,-13,14,-19,14,-22,13,1,22,2,-2,-26,-14,-17,28,-10,-12,25
CSI_DATA,23819288405,-59,64,0,0,18,-14,-27,-5,19,-8,-28,-6,-10,19,21,15,-16,-10,12,-15,-22,-20,0,17,-15,20,10,21,12,-17,11,-24,10,-21,-1,35,-25,7,-28,-3,11,-9,-4,12,-12,-6,-19,20,-12,-22,-18,-12,-9,16,-16,4,-9,-18,20,8,-8,12,-15,10,-19,11,15,-7,7,25,-17,-13,13,13,13,-1,-11,-9,6,16,7,-23,-2,25,4,-9,-7,-17,11,-19,-15,-12,16,2,-13,19,-5,-16,24,10,-18,-14,13,14,-24,-5,19,-3,-33,-1,22,7,-19,-2,17,21,-2,23,7,30,21,7,27,-1,-19,14,25,-22,-29,-15,9,-14
CSI_DATA,23819390975,-61,64,0,0,-16,-4,-13,24,-16,-8,14,-6,18,20,14,-16,12,4,-11,15,20,-5,-1,18,-19,-19,-16,24,24,6,-8,-25,-5,-18,17,11,-19,5,31,2,8,-20,21,-8,-1,19,10,-22,-17,4,-21,-19,27,-5,17,23,20,10,-3,24,-33,-6,-17,9,15,-23,7,22,-8,23,-6,-24,7,-14,-14,-5,-18,-18,18,-27,21,-6,-22,-11,-15,-11,11,7,6,19,-21,12,20,22,-12,24,-19,14,-22,-7,-6,-21,2,-22,16,18,-21,8,15,-22,21,13,-5,24,-3,-19,0,-29,-21,-16,-3,15,-9,16,-20,-1,23,-14,-14,-22,10,17
CSI_DATA,23819494039,-63,64,0,0,-11,-8,1,-28,11,27,17,-10,11,19,12,-26,18,-11,-19,-13,-15,11,7,23,22,7,-2,-24,-24,16,-6,21,-21,4,-14,14,14,-7,11,16,-22,8,-4,11,-11,21,11,-19,-20,-11,-22,-3,23,-15,-12,-22,13,18,26,15,18,-24,-21,-3,14,6,17,11,19,14,-24,5,4,-20,0,-19,-6,13,-12,9,0,21,11,20,-7,21,-1,-22,23,-2,-8,-5,13,11,3,14,4,-14,-21,0,-29,10,27,-1,20,10,-13,20,8,-28,1,21,-5,-10,17,-13,-10,-23,-19,-1,16,6,-22,-24,11,26,-3,-21,-13,-6,19,-11
CSI_DATA,23819591447,-65,64,0,0,-26,2,16,18,-23,7,-18,-18,-10,20,-23,-3,10,-15,-25,-2,-20,1,-18,-21,-13,-14,17,7,4,-18,-22,16,9,-16,-22,4,3,-11,-8,-14,-15,-2,14,16,3,-28,21,5,-20,32,-7,-21,11,16,-18,-14,23,0,-11,14,-19,23,-14,19,17,6,10,9,7,-18,-6,30,3,15,19,-23,9,21,22,2,-5,-29,15,4,14,24,-19,-8,-24,11,10,-14,29,-3,1,-21,25,-6,-14,8,-22,18,22,13,-16,22,-15,-26,23,-13,19,-2,10,7,-3,-9,-15,-15,1,13,-1,-17,-14,-14,22,16,1,-20,-11,23,-28,-3
CSI_DATA,23819692853,-60,64,0,0,2,25,21,-22,20,-13,-23,-7,1,-27,-3,-17,23,-11,22,-11,5,-13,-1,-7,10,9,-9,17,17,-7,-25,-3,16,-13,-6,16,-20,2,13,10,-20,4,-18,-12,31,5,14,25,-9,-9,3,27,25,9,-2,32,-28,-7,-10,20,-11,-14,-23,13,22,-9,17,15,28,-4,-13,13,-19,-19,-21,-23,10,-15,-13,-19,-25,-16,-14,17,-23,-11,-24,-4,21,-11,18,0,8,-13,16,27,-23,-11,9,7,-11,5,-4,20,25,9,-14,-23,21,-7,0,-13,11,-16,21,14,-23,-2,23,-13,-5,12,-22,5,6,20,28,6,21,-4,14,4
CSI_DATA,23819789289,-60,64,0,0,9,18,-12,-7,16,9,19,15,15,-9,14,-7,-10,-9,21,6,-17,-12,-5,-22,26,6,1,31,6,-25,-24,-6,-26,-7,-19,9,13,23,-25,-3,24,9,-19,-20,8,0,-13,-13,6,25,10,19,-15,14,-14,-25,-2,-24,11,24,-14,-6,-22,6,9,24,15,26,15,4,-13,21,5,14,-19,8,-15,15,-7,-22,-10,-26,15,4,-10,6,24,-11,-13,-7,-8,-16,7,-20,11,-11,17,-2,16,-8,20,9,-17,19,10,-21,-17,-18,-20,-22,9,15,12,-23,-10,-22,-5,19,-3,-27,-9,13,-4,21,14,23,21,-6,-21,-16,-5,-13
CSI_DATA,23819884874,-59,64,0,0,12,-6,-1,-23,-15,24,18,2,21,11,-4,26,11,21,-11,4,-30,-7,-11,-8,19,19,-22,5,-10,15,-15,-19,9,20,-19,-8,10,15,-16,14,13,-20,-26,0,-8,14,21,20,-21,-15,-23,5,-18,5,0,-31,-15,10,23,-5,-18,-18,23,-19,-19,-8,10,-24,-17,7,21,16,18,6,-27,-6,8,-17,-22,-4,-14,-19,9,27,-3,19,20,14,-13,-16,-3,18,-4,13,12,-18,-25,14,16,10,0,-28,11,27,26,-24,-18,26,1,30,-26,2,1,16,-7,10,17,-19,-13,23,-24,-4,15,23,-3,-19,10,-16,-26,14,5,-23
CSI_DATA,23819986342,-62,64,0,0,-3,13,20,7,6,-18,-20,3,-23,-1,11,15,-12,-10,8,24,-14,-7,7,-14,-7,19,-15,9,25,22,-17,-18,-10,12,10,21,17,24,-3,-20,-7,19,0,25,4,16,30,4,21,0,25,-4,15,20,3,21,-18,6,20,4,-19,10,-9,-15,-20,-13,11,32,17,18,26,3,-5,19,25,5,14,9,6,-9,15,-5,18,17,25,-2,12,-21,-21,-6,-22,-2,7,24,16,-12,11,26,-24,-12,6,23,15,2,12,7,-19,-19,-13,12,-13,-22,16,-15,-18,15,9,-6,-7,-11,17,5,19,-26,-9,-23,1,-16,-11,-20,-4,-24
